Date,Open,High,Low,Close
2016-02-01,1.08249,1.09096,1.08224,1.08955
2016-02-02,1.08951,1.09377,1.08923,1.09183
2016-02-03,1.09181,1.11454,1.0903,1.10927
2016-02-04,1.10927,1.12388,1.10691,1.1199
2016-02-05,1.1199,1.12423,1.11098,1.11635
2016-02-07,1.11453,1.11455,1.1141,1.11427
2016-02-08,1.1143,1.12158,1.10858,1.11888
2016-02-09,1.11888,1.13378,1.11616,1.12876
2016-02-10,1.12872,1.13112,1.116,1.12837
2016-02-11,1.12837,1.13761,1.12734,1.13158
2016-02-12,1.13159,1.13333,1.12135,1.12563
2016-02-14,1.12314,1.12328,1.12149,1.1223
2016-02-15,1.1223,1.12389,1.11273,1.1176
2016-02-16,1.11757,1.11926,1.11238,1.11424
2016-02-17,1.11426,1.11789,1.11055,1.11196
2016-02-18,1.11197,1.11495,1.10706,1.11074
2016-02-19,1.11075,1.11391,1.10664,1.11311
2016-02-21,1.1121,1.11243,1.11138,1.11217
2016-02-22,1.11219,1.11236,1.10029,1.10246
2016-02-23,1.1025,1.10526,1.09895,1.10228
2016-02-24,1.10226,1.10461,1.09569,1.10138
2016-02-25,1.10139,1.10497,1.09901,1.10219
2016-02-26,1.10221,1.1068,1.09142,1.09381
2016-02-28,1.09167,1.0927,1.09142,1.09229
2016-02-29,1.09236,1.09624,1.08586,1.08853
2016-03-01,1.08851,1.08933,1.08345,1.08758
2016-03-02,1.08754,1.08808,1.08244,1.08672
2016-03-03,1.08684,1.09726,1.08527,1.09452
2016-03-04,1.09454,1.10431,1.09026,1.10107
2016-03-06,1.09952,1.09971,1.09865,1.0991
2016-03-07,1.09912,1.10256,1.09389,1.10118
2016-03-08,1.10121,1.10574,1.09929,1.09986
2016-03-09,1.09997,1.10348,1.09452,1.09847
2016-03-10,1.09856,1.12176,1.08218,1.1176
2016-03-11,1.11764,1.12094,1.10796,1.11526
2016-03-13,1.11627,1.11758,1.1158,1.1164
2016-03-14,1.11635,1.11664,1.10769,1.10999
2016-03-15,1.10998,1.11249,1.10711,1.11068
2016-03-16,1.11069,1.12422,1.10568,1.12158
2016-03-17,1.12157,1.13423,1.12047,1.13146
2016-03-18,1.1315,1.13365,1.12556,1.1269
2016-03-20,1.12698,1.1278,1.12664,1.12733
2016-03-21,1.12741,1.12846,1.12322,1.12344
2016-03-22,1.12349,1.12598,1.11873,1.12206
2016-03-23,1.12209,1.1221,1.11586,1.11772
2016-03-24,1.11777,1.11876,1.11439,1.11639
2016-03-25,1.11644,1.11757,1.11514,1.11622
2016-03-27,1.11574,1.11608,1.11541,1.11557
2016-03-28,1.11567,1.12197,1.1152,1.11998
2016-03-29,1.12001,1.13031,1.11678,1.12887
2016-03-30,1.12887,1.13652,1.12851,1.13319
2016-03-31,1.13325,1.14116,1.13084,1.13783
2016-04-01,1.13783,1.14377,1.13389,1.13946
2016-04-03,1.13934,1.1397,1.13872,1.13943
2016-04-04,1.13944,1.14126,1.1357,1.13861
2016-04-05,1.13862,1.14049,1.13349,1.13794
2016-04-06,1.13799,1.14316,1.13262,1.13999
2016-04-07,1.13998,1.14539,1.1337,1.13671
2016-04-08,1.13668,1.14192,1.13481,1.13921
2016-04-10,1.14022,1.14075,1.13992,1.14037
2016-04-11,1.14045,1.14471,1.1371,1.141
2016-04-12,1.14099,1.14645,1.13457,1.13825
2016-04-13,1.13826,1.1391,1.12674,1.12766
2016-04-14,1.12776,1.12946,1.12331,1.12636
2016-04-15,1.12648,1.13168,1.12454,1.12796
2016-04-17,1.12906,1.13,1.12869,1.12968
2016-04-18,1.12972,1.13322,1.12721,1.1307
2016-04-19,1.13069,1.13845,1.13019,1.13574
2016-04-20,1.13581,1.13878,1.12898,1.13021
2016-04-21,1.13022,1.13976,1.12698,1.129
2016-04-22,1.129,1.13084,1.12123,1.12123
2016-04-24,1.12309,1.12335,1.12284,1.12302
2016-04-25,1.12311,1.1278,1.12225,1.1266
2016-04-26,1.12662,1.13394,1.1255,1.12956
2016-04-27,1.12956,1.13607,1.12712,1.13259
2016-04-28,1.13263,1.13677,1.12947,1.13568
2016-04-29,1.13572,1.14592,1.13551,1.14455
2016-05-01,1.14579,1.14643,1.14541,1.14608
2016-05-02,1.14607,1.15358,1.14476,1.15232
2016-05-03,1.15233,1.16162,1.14924,1.15006
2016-05-04,1.15008,1.15291,1.1466,1.14895
2016-05-05,1.14908,1.14937,1.1385,1.13998
2016-05-06,1.14001,1.14787,1.13854,1.13963
2016-05-08,1.13976,1.13985,1.13827,1.13852
2016-05-09,1.13862,1.142,1.13747,1.13831
2016-05-10,1.13831,1.14097,1.13582,1.13727
2016-05-11,1.13731,1.14465,1.13714,1.14226
2016-05-12,1.14239,1.14292,1.13689,1.13741
2016-05-13,1.13741,1.13784,1.12813,1.1302
2016-05-15,1.13157,1.13193,1.13135,1.13167
2016-05-16,1.13164,1.13422,1.13014,1.13151
2016-05-17,1.1315,1.1348,1.13015,1.13136
2016-05-18,1.13138,1.13159,1.12129,1.12195
2016-05-19,1.12195,1.12298,1.11794,1.12017
2016-05-20,1.12018,1.1237,1.11948,1.12163
2016-05-22,1.12175,1.12226,1.12158,1.12198
2016-05-23,1.122,1.12427,1.11866,1.12127
2016-05-24,1.1213,1.1227,1.11321,1.11344
2016-05-25,1.11347,1.11667,1.11285,1.11549
2016-05-26,1.11548,1.12166,1.11535,1.11914
2016-05-27,1.11913,1.12006,1.11087,1.11087
2016-05-29,1.11098,1.11109,1.11061,1.11077
2016-05-30,1.11079,1.11494,1.1097,1.11475
2016-05-31,1.11475,1.11733,1.11218,1.11339
2016-06-01,1.11338,1.11938,1.11138,1.11874
2016-06-02,1.11875,1.12197,1.1145,1.11514
2016-06-03,1.11514,1.13734,1.11365,1.13627
2016-06-05,1.13484,1.13527,1.13443,1.1351
2016-06-06,1.13509,1.13927,1.13264,1.13627
2016-06-07,1.13628,1.13804,1.13384,1.13556
2016-06-08,1.13556,1.14105,1.1354,1.14025
2016-06-09,1.14025,1.14154,1.1305,1.13094
2016-06-10,1.13094,1.13213,1.12449,1.12484
2016-06-12,1.1246,1.12497,1.12332,1.12379
2016-06-13,1.1238,1.13027,1.12313,1.12875
2016-06-14,1.12875,1.12983,1.11885,1.12102
2016-06-15,1.12103,1.1297,1.11888,1.1261
2016-06-16,1.12611,1.12947,1.11307,1.12666
2016-06-17,1.12669,1.12962,1.12224,1.12732
2016-06-19,1.13328,1.13576,1.13284,1.13466
2016-06-20,1.13465,1.13822,1.13014,1.13215
2016-06-21,1.13214,1.13494,1.12398,1.12493
2016-06-22,1.12494,1.13375,1.12363,1.13255
2016-06-23,1.13255,1.14258,1.12689,1.1332
2016-06-24,1.13322,1.13368,1.09114,1.11148
2016-06-26,1.10502,1.10533,1.10146,1.10393
2016-06-27,1.10392,1.10833,1.09702,1.10135
2016-06-28,1.10135,1.11114,1.10122,1.10751
2016-06-29,1.10752,1.11302,1.10489,1.11219
2016-06-30,1.11219,1.11543,1.1024,1.11029
2016-07-01,1.11029,1.11697,1.10714,1.11348
2016-07-03,1.11315,1.11371,1.11259,1.11269
2016-07-04,1.11271,1.11594,1.10971,1.11442
2016-07-05,1.11443,1.1186,1.10591,1.10634
2016-07-06,1.10634,1.11115,1.10288,1.10966
2016-07-07,1.10965,1.1107,1.10519,1.10636
2016-07-08,1.10635,1.11202,1.10016,1.10517
2016-07-10,1.1048,1.10519,1.10415,1.10436
2016-07-11,1.10433,1.10744,1.10156,1.10565
2016-07-12,1.10564,1.11257,1.10518,1.10601
2016-07-13,1.10601,1.11198,1.10418,1.10946
2016-07-14,1.10947,1.11647,1.1089,1.11061
2016-07-15,1.1106,1.1149,1.10243,1.10262
2016-07-17,1.10579,1.10597,1.10505,1.10557
2016-07-18,1.10557,1.10839,1.10372,1.10676
2016-07-19,1.10677,1.10803,1.09996,1.10134
2016-07-20,1.10135,1.103,1.0981,1.10163
2016-07-21,1.10162,1.10594,1.09794,1.10319
2016-07-22,1.10318,1.10408,1.0955,1.09755
2016-07-24,1.09663,1.09701,1.09654,1.09685
2016-07-25,1.09684,1.09988,1.09516,1.09891
2016-07-26,1.09891,1.10297,1.09779,1.09871
2016-07-27,1.0987,1.10736,1.09613,1.10667
2016-07-28,1.10667,1.11193,1.10588,1.10822
2016-07-29,1.10823,1.11972,1.10724,1.1172
2016-07-31,1.11702,1.11711,1.11653,1.11667
2016-08-01,1.11667,1.11812,1.11547,1.11671
2016-08-02,1.1167,1.12336,1.11618,1.12177
2016-08-03,1.12176,1.12191,1.11402,1.11501
2016-08-04,1.11501,1.11561,1.11134,1.11345
2016-08-05,1.11344,1.11611,1.10456,1.10811
2016-08-07,1.10901,1.10918,1.10857,1.10867
2016-08-08,1.10866,1.11049,1.10713,1.10849
2016-08-09,1.10849,1.11225,1.10698,1.11175
2016-08-10,1.11174,1.119,1.11167,1.1185
2016-08-11,1.11851,1.11901,1.11327,1.11381
2016-08-12,1.11381,1.12212,1.11305,1.1162
2016-08-14,1.11598,1.11653,1.11587,1.11641
2016-08-15,1.11642,1.12035,1.1153,1.11817
2016-08-16,1.11817,1.13224,1.11768,1.12759
2016-08-17,1.12759,1.13156,1.12402,1.12987
2016-08-18,1.12986,1.13662,1.12946,1.13471
2016-08-19,1.13471,1.13488,1.13034,1.13224
2016-08-21,1.13147,1.13165,1.12937,1.12976
2016-08-22,1.12976,1.13305,1.12702,1.13167
2016-08-23,1.13167,1.13548,1.12983,1.13016
2016-08-24,1.13016,1.13113,1.12444,1.12608
2016-08-25,1.12608,1.12973,1.12586,1.12866
2016-08-26,1.12866,1.13405,1.11804,1.11962
2016-08-28,1.11971,1.12007,1.11934,1.11969
2016-08-29,1.11967,1.12076,1.11577,1.11902
2016-08-30,1.11902,1.11906,1.11315,1.11499
2016-08-31,1.11498,1.11654,1.11228,1.1156
2016-09-01,1.11559,1.12051,1.11269,1.11984
2016-09-02,1.11983,1.12516,1.115,1.11524
2016-09-04,1.11583,1.1159,1.11561,1.1158
2016-09-05,1.11579,1.11823,1.11396,1.11502
2016-09-06,1.11503,1.12629,1.11404,1.12456
2016-09-07,1.12457,1.12709,1.12285,1.1238
2016-09-08,1.1238,1.13269,1.12341,1.12682
2016-09-09,1.12681,1.12849,1.11981,1.12276
2016-09-11,1.12346,1.12405,1.12337,1.12402
2016-09-12,1.12401,1.12674,1.121,1.12403
2016-09-13,1.12402,1.12603,1.12033,1.1219
2016-09-14,1.12191,1.12739,1.12132,1.12449
2016-09-15,1.12448,1.12836,1.12186,1.12464
2016-09-16,1.12463,1.12479,1.11489,1.11567
2016-09-18,1.11573,1.11606,1.11552,1.11577
2016-09-19,1.11577,1.11978,1.11506,1.11765
2016-09-20,1.11766,1.12132,1.11487,1.11532
2016-09-21,1.11531,1.11963,1.11225,1.11888
2016-09-22,1.11889,1.12572,1.11844,1.12078
2016-09-23,1.12079,1.12404,1.11931,1.12234
2016-09-25,1.12365,1.12384,1.12362,1.12374
2016-09-26,1.12373,1.1279,1.12206,1.125
2016-09-27,1.125,1.12588,1.11903,1.12168
2016-09-28,1.12169,1.12369,1.11815,1.1223
2016-09-29,1.12232,1.12497,1.11965,1.12184
2016-09-30,1.12185,1.12504,1.11527,1.12402
2016-10-02,1.12339,1.12365,1.12278,1.12328
2016-10-03,1.12328,1.12415,1.12045,1.1209
2016-10-04,1.1209,1.12386,1.11374,1.1209
2016-10-05,1.1209,1.12332,1.11891,1.12058
2016-10-06,1.12058,1.12102,1.11372,1.11415
2016-10-07,1.11415,1.12047,1.11036,1.11975
2016-10-09,1.11973,1.11975,1.11894,1.11945
2016-10-10,1.11945,1.12003,1.1131,1.11403
2016-10-11,1.11404,1.11405,1.10481,1.1057
2016-10-12,1.1057,1.1061,1.10041,1.101
2016-10-13,1.10102,1.10582,1.09845,1.10479
2016-10-14,1.1048,1.10564,1.09662,1.09662
2016-10-16,1.09711,1.09724,1.09642,1.09654
2016-10-17,1.09655,1.10142,1.09623,1.10095
2016-10-18,1.10108,1.10262,1.09696,1.09744
2016-10-19,1.09745,1.10047,1.09543,1.09744
2016-10-20,1.09744,1.1039,1.09146,1.09292
2016-10-21,1.09291,1.09294,1.08585,1.08826
2016-10-23,1.08822,1.08839,1.08769,1.088
2016-10-24,1.08799,1.08996,1.08587,1.08726
2016-10-25,1.08727,1.09049,1.08497,1.08862
2016-10-26,1.08862,1.09462,1.08732,1.09095
2016-10-27,1.09095,1.09421,1.08815,1.08964
2016-10-28,1.0897,1.09915,1.0894,1.09808
2016-10-30,1.09766,1.09891,1.09752,1.09816
2016-10-31,1.09816,1.09827,1.09356,1.09792
2016-11-01,1.09702,1.10688,1.09588,1.10551
2016-11-02,1.10553,1.1123,1.10484,1.10937
2016-11-03,1.10936,1.11258,1.10587,1.10994
2016-11-04,1.10994,1.11415,1.10792,1.11352
2016-11-06,1.10874,1.10993,1.10828,1.10935
2016-11-07,1.10945,1.11101,1.1027,1.10487
2016-11-08,1.1049,1.10668,1.10037,1.10175
2016-11-09,1.10176,1.12993,1.09067,1.0919
2016-11-10,1.09192,1.09535,1.08639,1.08872
2016-11-11,1.08874,1.09234,1.08299,1.08549
2016-11-13,1.08379,1.08384,1.08186,1.08223
2016-11-14,1.08224,1.08258,1.07084,1.07455
2016-11-15,1.07453,1.08164,1.07134,1.07239
2016-11-16,1.07243,1.07594,1.06658,1.0706
2016-11-17,1.07061,1.07454,1.06186,1.06218
2016-11-18,1.0622,1.06427,1.05698,1.05921
2016-11-21,1.05886,1.0649,1.05778,1.06375
2016-11-22,1.06375,1.06578,1.05831,1.06331
2016-11-23,1.0633,1.06435,1.05257,1.05417
2016-11-24,1.05419,1.05851,1.05176,1.05597
2016-11-25,1.05598,1.06272,1.05375,1.05881
2016-11-27,1.05988,1.06102,1.05939,1.06086
2016-11-28,1.0609,1.06852,1.05633,1.06188
2016-11-29,1.06187,1.06543,1.05644,1.06468
2016-11-30,1.0647,1.06665,1.05515,1.05903
2016-12-01,1.05903,1.06686,1.0584,1.06622
2016-12-02,1.06623,1.06897,1.06244,1.0671
2016-12-05,1.05652,1.07964,1.05363,1.0755
2016-12-06,1.07561,1.07852,1.06981,1.07186
2016-12-07,1.07186,1.0768,1.07093,1.0759
2016-12-08,1.07589,1.08767,1.05969,1.0621
2016-12-09,1.06209,1.06296,1.05307,1.05546
2016-12-11,1.05442,1.05473,1.0537,1.05453
2016-12-12,1.05454,1.06513,1.05249,1.06419
2016-12-13,1.06418,1.06667,1.06034,1.06271
2016-12-14,1.06272,1.06696,1.0496,1.05116
2016-12-15,1.05119,1.05224,1.03661,1.04163
2016-12-16,1.04157,1.04738,1.04005,1.04441
2016-12-18,1.04542,1.04545,1.04462,1.04463
2016-12-19,1.0445,1.0479,1.03922,1.04023
2016-12-20,1.04024,1.04175,1.03519,1.03903
2016-12-21,1.03902,1.04508,1.0382,1.0426
2016-12-22,1.04261,1.04992,1.04256,1.04374
2016-12-23,1.0436,1.04685,1.04262,1.04501
2016-12-25,1.04525,1.04574,1.04489,1.04518
2016-12-26,1.0452,1.04673,1.04396,1.04533
2016-12-27,1.04534,1.0463,1.04319,1.04612
2016-12-28,1.04601,1.04793,1.03717,1.04138
2016-12-29,1.04139,1.06522,1.04136,1.05649
2016-12-30,1.05652,1.0591,1.05053,1.05187
2017-01-03,1.04572,1.04897,1.03404,1.04177
2017-01-04,1.04176,1.05009,1.03896,1.04961
2017-01-05,1.04962,1.06151,1.04821,1.06035
2017-01-06,1.06032,1.06216,1.05246,1.05329
2017-01-08,1.0535,1.05356,1.05255,1.05293
2017-01-09,1.0529,1.05889,1.05105,1.05853
2017-01-10,1.05854,1.06269,1.05505,1.05518
2017-01-11,1.05517,1.06224,1.04535,1.05942
2017-01-12,1.05943,1.06844,1.0571,1.06158
2017-01-13,1.06157,1.06732,1.05959,1.06439
2017-01-15,1.06341,1.06352,1.06241,1.06269
2017-01-16,1.0627,1.06342,1.05788,1.06015
2017-01-17,1.06017,1.0719,1.06004,1.06965
2017-01-18,1.06961,1.0712,1.06238,1.06276
2017-01-19,1.06275,1.06763,1.05888,1.06589
2017-01-20,1.06611,1.07091,1.06248,1.06953
2017-01-22,1.07122,1.0715,1.07033,1.07124
2017-01-23,1.07122,1.07711,1.0706,1.07587
2017-01-24,1.07576,1.07745,1.07199,1.07278
2017-01-25,1.07267,1.07694,1.0711,1.07521
2017-01-26,1.0752,1.07652,1.06572,1.0683
2017-01-27,1.06831,1.07247,1.06579,1.06953
2017-01-29,1.07124,1.07183,1.07078,1.07166
2017-01-30,1.07184,1.07398,1.06198,1.07073
2017-01-31,1.07068,1.0812,1.06843,1.08007
2017-02-01,1.08006,1.08072,1.07324,1.07684
2017-02-02,1.07688,1.08285,1.07556,1.07611
2017-02-03,1.07612,1.07973,1.0713,1.0784
2017-02-05,1.07863,1.07863,1.07777,1.07821
2017-02-06,1.07826,1.07885,1.07055,1.07427
2017-02-07,1.07434,1.0744,1.06561,1.06783
2017-02-08,1.06789,1.07136,1.06403,1.0691
2017-02-09,1.06911,1.07091,1.06506,1.06569
2017-02-10,1.06568,1.06673,1.06074,1.06341
2017-02-12,1.06229,1.06245,1.06171,1.06183
2017-02-13,1.06184,1.06581,1.05917,1.05984
2017-02-14,1.05986,1.06331,1.05606,1.05778
2017-02-15,1.05777,1.06089,1.05211,1.06027
2017-02-16,1.06009,1.0679,1.05996,1.06707
2017-02-17,1.06708,1.06764,1.06049,1.06143
2017-02-19,1.06186,1.06325,1.06181,1.06247
2017-02-20,1.06238,1.06296,1.06029,1.06084
2017-02-21,1.06087,1.06123,1.05255,1.05407
2017-02-22,1.05408,1.05736,1.04934,1.05502
2017-02-23,1.05501,1.05948,1.05374,1.05835
2017-02-24,1.05837,1.06175,1.05566,1.0559
2017-02-26,1.05619,1.05644,1.05515,1.05518
2017-02-27,1.05519,1.06301,1.05513,1.05835
2017-02-28,1.0582,1.06299,1.05664,1.0569
2017-03-01,1.05689,1.0589,1.0514,1.05354
2017-03-02,1.05358,1.05453,1.04947,1.05066
2017-03-03,1.05078,1.06212,1.05021,1.06134
2017-03-05,1.06171,1.06213,1.06152,1.06206
2017-03-06,1.06207,1.06394,1.05746,1.05789
2017-03-07,1.05788,1.06023,1.0558,1.05691
2017-03-08,1.0569,1.05737,1.05346,1.05445
2017-03-09,1.05438,1.06148,1.05248,1.05792
2017-03-10,1.05798,1.06988,1.05798,1.06815
2017-03-12,1.06812,1.06925,1.06812,1.06898
2017-03-13,1.06897,1.07141,1.06455,1.06506
2017-03-14,1.06507,1.06623,1.06003,1.06118
2017-03-15,1.06119,1.07396,1.06071,1.07374
2017-03-16,1.07372,1.07734,1.07058,1.07716
2017-03-17,1.07717,1.07821,1.07273,1.07362
2017-03-19,1.07429,1.0743,1.07409,1.07415
2017-03-20,1.07423,1.0777,1.07191,1.07365
2017-03-21,1.07365,1.0819,1.07351,1.08124
2017-03-22,1.08123,1.08231,1.07756,1.07893
2017-03-23,1.07894,1.08045,1.0768,1.07829
2017-03-24,1.07737,1.08177,1.07602,1.07955
2017-03-26,1.08381,1.08489,1.08381,1.08452
2017-03-27,1.08451,1.09058,1.08373,1.08607
2017-03-28,1.08606,1.08724,1.07989,1.08157
2017-03-29,1.08156,1.08263,1.07397,1.07582
2017-03-30,1.07581,1.07677,1.06717,1.06875
2017-03-31,1.06874,1.07014,1.06414,1.06414
2017-04-02,1.06709,1.06712,1.06672,1.06689
2017-04-03,1.06691,1.06808,1.06421,1.06695
2017-04-04,1.06697,1.06813,1.06355,1.0678
2017-04-05,1.06778,1.06888,1.06353,1.06716
2017-04-06,1.06716,1.06838,1.06289,1.06436
2017-04-07,1.06436,1.06652,1.05804,1.05884
2017-04-09,1.05835,1.05835,1.05784,1.05801
2017-04-10,1.05801,1.06064,1.05696,1.05968
2017-04-11,1.05969,1.06298,1.05783,1.061
2017-04-12,1.06101,1.06749,1.05888,1.06698
2017-04-13,1.06697,1.06772,1.06093,1.06149
2017-04-14,1.06148,1.06296,1.0606,1.061
2017-04-16,1.06064,1.06118,1.06048,1.06096
2017-04-17,1.06097,1.06702,1.06084,1.06431
2017-04-18,1.0643,1.07357,1.0637,1.07273
2017-04-19,1.07274,1.07366,1.06997,1.07143
2017-04-20,1.07142,1.07773,1.07092,1.07138
2017-04-21,1.07138,1.07376,1.0682,1.07168
2017-04-23,1.08742,1.08787,1.08644,1.08732
2017-04-24,1.08731,1.08773,1.08206,1.08647
2017-04-25,1.08647,1.09498,1.08512,1.09274
2017-04-26,1.09274,1.09505,1.08555,1.0908
2017-04-27,1.09081,1.09325,1.08513,1.0865
2017-04-28,1.08651,1.09468,1.08567,1.08919
2017-04-30,1.09042,1.09105,1.09037,1.0905
2017-05-01,1.09051,1.09233,1.08836,1.09079
2017-05-02,1.0908,1.09357,1.08876,1.09341
2017-05-03,1.09343,1.09363,1.08822,1.08876
2017-05-04,1.08875,1.09866,1.08743,1.09803
2017-05-05,1.09802,1.0999,1.09484,1.09966
2017-05-07,1.09889,1.09913,1.09628,1.09643
2017-05-08,1.09643,1.09965,1.09157,1.0926
2017-05-09,1.09261,1.0933,1.08629,1.08857
2017-05-10,1.08856,1.08976,1.08527,1.08666
2017-05-11,1.08663,1.08925,1.08386,1.08639
2017-05-12,1.08639,1.09337,1.08552,1.09298
2017-05-14,1.09254,1.09276,1.09222,1.09274
2017-05-15,1.09275,1.0989,1.09221,1.09794
2017-05-16,1.09795,1.10965,1.09786,1.10928
2017-05-17,1.10928,1.11621,1.1081,1.11535
2017-05-18,1.11532,1.11713,1.10751,1.11096
2017-05-19,1.11095,1.12112,1.10989,1.12007
2017-05-21,1.1208,1.12081,1.12003,1.12026
2017-05-22,1.12027,1.12629,1.11609,1.12368
2017-05-23,1.12368,1.12673,1.11745,1.11783
2017-05-24,1.11783,1.12327,1.11678,1.123
2017-05-25,1.123,1.125,1.11931,1.12096
2017-05-26,1.12095,1.12342,1.11601,1.11826
2017-05-28,1.11839,1.11843,1.11722,1.11755
2017-05-29,1.11755,1.11893,1.11272,1.11284
2017-05-30,1.11286,1.12047,1.11092,1.11723
2017-05-31,1.11723,1.12516,1.11641,1.1239
2017-06-01,1.1239,1.12561,1.12016,1.12123
2017-06-02,1.12124,1.12846,1.12045,1.12784
2017-06-04,1.12761,1.12805,1.12754,1.12773
2017-06-05,1.12773,1.12782,1.12337,1.12567
2017-06-06,1.12567,1.12835,1.12398,1.12696
2017-06-07,1.12696,1.12813,1.12035,1.1255
2017-06-08,1.1255,1.12685,1.11795,1.11883
2017-06-09,1.11883,1.12151,1.11657,1.11934
2017-06-11,1.12013,1.12053,1.11964,1.12011
2017-06-12,1.12012,1.12315,1.11913,1.11968
2017-06-13,1.11969,1.12242,1.11846,1.12085
2017-06-14,1.12086,1.12953,1.11924,1.12122
2017-06-15,1.12124,1.12279,1.11315,1.11483
2017-06-16,1.11482,1.1201,1.11378,1.11966
2017-06-18,1.12029,1.12061,1.12008,1.12032
2017-06-19,1.12032,1.12122,1.11404,1.11441
2017-06-20,1.11434,1.11645,1.11183,1.11359
2017-06-21,1.11359,1.11684,1.11268,1.1166
2017-06-22,1.11661,1.11773,1.11387,1.1149
2017-06-23,1.1149,1.12083,1.11446,1.11927
2017-06-26,1.11948,1.12192,1.11712,1.11822
2017-06-27,1.11823,1.13487,1.11795,1.13363
2017-06-28,1.13362,1.139,1.12921,1.13779
2017-06-29,1.13778,1.14449,1.1376,1.14389
2017-06-30,1.14389,1.14438,1.13916,1.14256
2017-07-02,1.14242,1.14249,1.14206,1.14227
2017-07-03,1.14229,1.14244,1.13545,1.13716
2017-07-04,1.13716,1.13764,1.13362,1.13588
2017-07-05,1.13588,1.13679,1.13119,1.13459
2017-07-06,1.13458,1.14252,1.13294,1.1421
2017-07-07,1.14209,1.14388,1.13793,1.1396
2017-07-09,1.14005,1.14032,1.13987,1.14028
2017-07-10,1.14028,1.14175,1.13811,1.13957
2017-07-11,1.13957,1.14791,1.13822,1.14733
2017-07-12,1.14734,1.14889,1.13924,1.14179
2017-07-13,1.14178,1.14553,1.13699,1.14038
2017-07-14,1.14039,1.14713,1.13909,1.14681
2017-07-16,1.14714,1.14744,1.14692,1.14734
2017-07-17,1.14734,1.14865,1.14341,1.14726
2017-07-18,1.14727,1.15826,1.14709,1.15472
2017-07-19,1.15473,1.15528,1.15096,1.15282
2017-07-20,1.1528,1.16563,1.14786,1.16277
2017-07-21,1.16278,1.16822,1.16185,1.16599
2017-07-23,1.16727,1.16811,1.16726,1.16807
2017-07-24,1.16805,1.16837,1.16254,1.1638
2017-07-25,1.16381,1.17118,1.16302,1.16438
2017-07-26,1.16438,1.17424,1.16125,1.17309
2017-07-27,1.17308,1.17761,1.16495,1.16892
2017-07-28,1.16892,1.17634,1.16706,1.17477
2017-07-30,1.17543,1.17546,1.17448,1.17462
2017-07-31,1.17466,1.18451,1.17226,1.18204
2017-08-01,1.18202,1.18373,1.17866,1.18102
2017-08-02,1.18103,1.19085,1.17931,1.18509
2017-08-03,1.18509,1.18926,1.183,1.18817
2017-08-04,1.18817,1.18887,1.17288,1.17687
2017-08-06,1.17864,1.17872,1.17762,1.17764
2017-08-07,1.17764,1.18135,1.17761,1.17991
2017-08-08,1.1799,1.18233,1.17161,1.17536
2017-08-09,1.17537,1.17628,1.16895,1.17626
2017-08-10,1.17626,1.17843,1.17038,1.17696
2017-08-11,1.17696,1.18459,1.1748,1.18194
2017-08-13,1.18207,1.1826,1.18183,1.18246
2017-08-14,1.18246,1.18378,1.17675,1.1775
2017-08-15,1.17751,1.17923,1.1687,1.17398
2017-08-16,1.17398,1.17781,1.16803,1.17731
2017-08-17,1.17731,1.17894,1.16637,1.17152
2017-08-18,1.17151,1.17738,1.17099,1.17578
2017-08-21,1.17596,1.18275,1.17307,1.18107
2017-08-22,1.18107,1.18237,1.17445,1.17609
2017-08-23,1.1761,1.18225,1.17416,1.1815
2017-08-24,1.18155,1.18155,1.17836,1.1797
2017-08-25,1.1797,1.19403,1.17731,1.19212
2017-08-27,1.19409,1.19589,1.19405,1.19505
2017-08-28,1.19506,1.19832,1.19163,1.19634
2017-08-29,1.19635,1.20695,1.19461,1.19692
2017-08-30,1.19691,1.19837,1.188,1.18901
2017-08-31,1.18903,1.19166,1.18225,1.19085
2017-09-01,1.19086,1.19783,1.18506,1.18584
2017-09-03,1.18831,1.18837,1.18766,1.18814
2017-09-04,1.18813,1.19214,1.18772,1.18923
2017-09-05,1.18924,1.194,1.18678,1.19231
2017-09-06,1.1923,1.19499,1.19024,1.19258
2017-09-07,1.19259,1.20579,1.19137,1.20273
2017-09-08,1.20276,1.20918,1.20147,1.20342
2017-09-10,1.20172,1.2018,1.20107,1.20163
2017-09-11,1.2016,1.20289,1.19473,1.19574
2017-09-12,1.19575,1.19777,1.19256,1.19705
2017-09-13,1.19704,1.19942,1.18725,1.18875
2017-09-14,1.18876,1.19216,1.18395,1.19206
2017-09-15,1.19207,1.19859,1.19005,1.19419
2017-09-17,1.19435,1.19449,1.1933,1.19371
2017-09-18,1.19372,1.19688,1.19144,1.19594
2017-09-19,1.19593,1.20059,1.19545,1.1992
2017-09-20,1.19919,1.20315,1.1861,1.18737
2017-09-21,1.18738,1.1953,1.18651,1.19442
2017-09-22,1.19439,1.20038,1.19365,1.19463
2017-09-24,1.19224,1.19265,1.19179,1.19261
2017-09-25,1.1926,1.19359,1.18323,1.1855
2017-09-26,1.18549,1.18608,1.17571,1.17832
2017-09-27,1.17831,1.17946,1.17165,1.17491
2017-09-28,1.17492,1.18033,1.17205,1.17805
2017-09-29,1.17806,1.18317,1.17719,1.18116
2017-10-01,1.18097,1.18101,1.18052,1.18073
2017-10-02,1.18072,1.18072,1.17294,1.1731
2017-10-03,1.17309,1.17727,1.16958,1.1747
2017-10-04,1.17472,1.17871,1.17458,1.17559
2017-10-05,1.17558,1.17782,1.16984,1.17133
2017-10-06,1.17134,1.17382,1.16694,1.17218
2017-10-08,1.17415,1.17425,1.17386,1.17419
2017-10-09,1.17418,1.17554,1.17189,1.17405
2017-10-10,1.17404,1.18247,1.17399,1.18129
2017-10-11,1.18127,1.18684,1.17945,1.18637
2017-10-12,1.18636,1.18792,1.18264,1.18305
2017-10-13,1.18306,1.18744,1.18047,1.182
2017-10-15,1.18064,1.1814,1.18052,1.1814
2017-10-16,1.18141,1.1819,1.178,1.1794
2017-10-17,1.17941,1.17943,1.17355,1.17706
2017-10-18,1.17705,1.18047,1.17296,1.17937
2017-10-19,1.17939,1.18576,1.17675,1.18478
2017-10-20,1.18479,1.18573,1.17619,1.17782
2017-10-22,1.17633,1.17636,1.17506,1.17536
2017-10-23,1.1754,1.17766,1.17243,1.17541
2017-10-24,1.17543,1.17923,1.1742,1.17593
2017-10-25,1.17595,1.18197,1.17523,1.18187
2017-10-26,1.18189,1.18361,1.16307,1.16371
2017-10-27,1.1637,1.16431,1.15736,1.16079
2017-10-29,1.16068,1.16092,1.16023,1.16049
2017-10-30,1.16059,1.16574,1.15968,1.16507
2017-10-31,1.16508,1.16608,1.16245,1.16512
2017-11-01,1.16507,1.16566,1.16058,1.16278
2017-11-02,1.16277,1.16868,1.16255,1.16581
2017-11-03,1.16584,1.16897,1.15986,1.16083
2017-11-05,1.16134,1.16175,1.16082,1.16142
2017-11-06,1.16143,1.16236,1.15796,1.16106
2017-11-07,1.16107,1.1615,1.15536,1.16003
2017-11-08,1.16004,1.16105,1.15788,1.15945
2017-11-09,1.15946,1.16544,1.1585,1.16457
2017-11-10,1.16458,1.16774,1.16222,1.16642
2017-11-12,1.16582,1.16642,1.16581,1.16604
2017-11-13,1.16605,1.16748,1.16368,1.1664
2017-11-14,1.16641,1.18044,1.16619,1.179
2017-11-15,1.17901,1.186,1.17756,1.17821
2017-11-16,1.17822,1.18004,1.1756,1.17775
2017-11-17,1.17776,1.18213,1.17733,1.17921
2017-11-19,1.17455,1.17501,1.17217,1.17339
2017-11-20,1.17338,1.1808,1.17245,1.17367
2017-11-21,1.17365,1.17572,1.17124,1.17411
2017-11-22,1.17399,1.18265,1.17341,1.18139
2017-11-23,1.1814,1.18554,1.18126,1.18498
2017-11-24,1.18499,1.19439,1.18362,1.19344
2017-11-26,1.19275,1.19291,1.19237,1.19267
2017-11-27,1.19277,1.19605,1.1895,1.19036
2017-11-28,1.1903,1.19194,1.18264,1.18484
2017-11-29,1.18485,1.18822,1.18168,1.18515
2017-11-30,1.18478,1.19309,1.18083,1.18974
2017-12-01,1.18991,1.19397,1.18502,1.18984
2017-12-03,1.1868,1.18746,1.18557,1.1856
2017-12-04,1.18555,1.1878,1.18285,1.18672
2017-12-05,1.1867,1.1876,1.18001,1.18299
2017-12-06,1.18296,1.18476,1.178,1.18034
2017-12-07,1.18035,1.1814,1.17707,1.17721
2017-12-08,1.1772,1.17739,1.17296,1.17654
2017-12-10,1.17702,1.17706,1.17655,1.17671
2017-12-11,1.17681,1.18112,1.17655,1.17757
2017-12-12,1.1775,1.17921,1.17169,1.17416
2017-12-13,1.17422,1.18399,1.17287,1.18356
2017-12-14,1.18355,1.1862,1.17697,1.17739
2017-12-15,1.1774,1.18118,1.17499,1.17545
2017-12-17,1.17459,1.17504,1.174,1.17425
2017-12-18,1.17426,1.18337,1.17416,1.17833
2017-12-19,1.17835,1.18483,1.17759,1.18363
2017-12-20,1.18355,1.19012,1.18283,1.1877
2017-12-21,1.18765,1.1889,1.18487,1.18516
2017-12-22,1.18515,1.18633,1.18163,1.18628
2017-12-24,1.18469,1.18492,1.18463,1.18463
2017-12-26,1.18701,1.18779,1.1846,1.18566
2017-12-27,1.18571,1.19097,1.18545,1.18997
2017-12-28,1.18987,1.19585,1.18965,1.19388
2017-12-29,1.1939,1.20249,1.19364,1.19978
2018-01-01,1.20096,1.20164,1.20018,1.20099
2018-01-02,1.201,1.20807,1.20072,1.20611
2018-01-03,1.20612,1.20632,1.20005,1.20101
2018-01-04,1.201,1.20883,1.20036,1.20658
2018-01-05,1.2066,1.20821,1.20199,1.20338
2018-01-07,1.20347,1.20386,1.20338,1.20363
2018-01-08,1.20364,1.20516,1.19551,1.19693
2018-01-09,1.1969,1.19749,1.19148,1.19277
2018-01-10,1.19293,1.20174,1.19225,1.19552
2018-01-11,1.1955,1.20583,1.19288,1.20423
2018-01-12,1.20416,1.22181,1.20394,1.21965
2018-01-14,1.21958,1.21996,1.21902,1.21914
2018-01-15,1.21916,1.22961,1.21869,1.22662
2018-01-16,1.22658,1.22828,1.21945,1.22701
2018-01-17,1.22688,1.23226,1.21789,1.21795
2018-01-18,1.21796,1.22645,1.2173,1.22336
2018-01-19,1.22362,1.22948,1.2218,1.22196
2018-01-21,1.22468,1.2258,1.22432,1.22555
2018-01-22,1.22554,1.22665,1.22133,1.22556
2018-01-23,1.22576,1.23148,1.22225,1.23083
2018-01-24,1.23084,1.24144,1.22925,1.2392
2018-01-25,1.23921,1.25372,1.23633,1.23906
2018-01-26,1.23908,1.24932,1.23856,1.24233
2018-01-28,1.24172,1.24307,1.24171,1.24307
2018-01-29,1.24309,1.24315,1.23362,1.23804
2018-01-30,1.23805,1.24534,1.23342,1.24078
2018-01-31,1.24076,1.24743,1.23865,1.24163
2018-02-01,1.24165,1.25219,1.23848,1.251
2018-02-02,1.25102,1.25176,1.24087,1.24572
2018-02-04,1.24376,1.24545,1.24362,1.24457
2018-02-05,1.24456,1.24743,1.23645,1.23654
2018-02-06,1.23655,1.24339,1.23133,1.23798
2018-02-07,1.23797,1.24054,1.22452,1.22695
2018-02-08,1.22694,1.22944,1.22115,1.226
2018-02-09,1.22601,1.22867,1.22049,1.22433
2018-02-11,1.22442,1.2252,1.22442,1.22517
2018-02-12,1.22518,1.23067,1.22344,1.23005
2018-02-13,1.23006,1.23704,1.22839,1.23531
2018-02-14,1.2353,1.24692,1.22752,1.24676
2018-02-15,1.24675,1.25097,1.24474,1.25022
2018-02-16,1.25023,1.25548,1.23928,1.24087
2018-02-18,1.2419,1.24194,1.24101,1.24111
2018-02-19,1.24112,1.24346,1.23685,1.23996
2018-02-20,1.23995,1.241,1.23191,1.23349
2018-02-21,1.23346,1.23593,1.22786,1.22798
2018-02-22,1.228,1.23516,1.22592,1.2325
2018-02-23,1.23251,1.2331,1.22792,1.22949
2018-02-25,1.22909,1.22922,1.22805,1.22877
2018-02-26,1.22878,1.23544,1.22773,1.23145
2018-02-27,1.23144,1.23458,1.22209,1.22254
2018-02-28,1.22256,1.2241,1.21872,1.2191
2018-03-01,1.21909,1.22729,1.2154,1.22705
2018-03-02,1.22704,1.23353,1.22508,1.23246
2018-03-04,1.232,1.23283,1.22988,1.23172
2018-03-05,1.23171,1.23483,1.22682,1.2336
2018-03-06,1.23362,1.24196,1.23273,1.2415
2018-03-07,1.24148,1.24444,1.23841,1.24116
2018-03-08,1.24117,1.24455,1.22972,1.2306
2018-03-09,1.23061,1.23336,1.22723,1.2307
2018-03-11,1.23071,1.23092,1.23054,1.23077
2018-03-12,1.23079,1.23449,1.22896,1.2338
2018-03-13,1.23379,1.24067,1.23138,1.23923
2018-03-14,1.23921,1.2412,1.23464,1.23742
2018-03-15,1.23743,1.2383,1.22995,1.23054
2018-03-16,1.23055,1.23355,1.22595,1.22883
2018-03-18,1.22846,1.22847,1.22792,1.22803
2018-03-19,1.22804,1.23582,1.22574,1.2336
2018-03-20,1.2335,1.23541,1.22391,1.22476
2018-03-21,1.22478,1.23493,1.22461,1.23458
2018-03-22,1.23456,1.23878,1.22847,1.23057
2018-03-23,1.23201,1.23727,1.23161,1.23522
2018-03-25,1.23649,1.23649,1.23528,1.23535
2018-03-26,1.23534,1.24609,1.23511,1.24566
2018-03-27,1.24564,1.24757,1.23717,1.24081
2018-03-28,1.2408,1.2421,1.22994,1.23118
2018-03-29,1.23119,1.2335,1.22833,1.23
2018-03-30,1.23012,1.233,1.22938,1.23138
2018-04-01,1.23136,1.23151,1.23121,1.23122
2018-04-02,1.23124,1.23445,1.22817,1.22925
2018-04-03,1.22928,1.23354,1.22533,1.22776
2018-04-04,1.22778,1.23136,1.22565,1.22867
2018-04-05,1.22869,1.22897,1.22177,1.2248
2018-04-06,1.22483,1.22903,1.22143,1.22791
2018-04-08,1.227,1.2271,1.22648,1.22703
2018-04-09,1.22705,1.23265,1.22596,1.23199
2018-04-10,1.232,1.2377,1.23021,1.23621
2018-04-11,1.23622,1.23956,1.23463,1.23712
2018-04-12,1.23711,1.23792,1.22988,1.23287
2018-04-13,1.23286,1.23453,1.23064,1.23278
2018-04-15,1.233,1.2333,1.2329,1.2331
2018-04-16,1.23311,1.23939,1.23235,1.23832
2018-04-17,1.23833,1.24131,1.23355,1.23719
2018-04-18,1.23719,1.23965,1.23409,1.2378
2018-04-19,1.23779,1.23996,1.23285,1.23427
2018-04-20,1.23426,1.23523,1.22493,1.22861
2018-04-22,1.22801,1.22817,1.22721,1.22732
2018-04-23,1.22733,1.22889,1.21969,1.22088
2018-04-24,1.22093,1.22444,1.2181,1.22367
2018-04-25,1.22367,1.22368,1.21595,1.21699
2018-04-26,1.217,1.22092,1.20956,1.21075
2018-04-27,1.21075,1.21321,1.20547,1.21296
2018-04-29,1.21203,1.2122,1.21183,1.21219
2018-04-30,1.2122,1.2138,1.20636,1.20808
2018-05-01,1.20809,1.20822,1.19807,1.19904
2018-05-02,1.19906,1.20309,1.19372,1.19498
2018-05-03,1.19499,1.20081,1.19472,1.1988
2018-05-04,1.19881,1.19947,1.19102,1.19595
2018-05-06,1.19588,1.196,1.19539,1.19539
2018-05-07,1.19537,1.19773,1.18968,1.19324
2018-05-08,1.19325,1.19381,1.18374,1.18666
2018-05-09,1.18669,1.18963,1.18219,1.18461
2018-05-10,1.18459,1.1946,1.18433,1.19132
2018-05-11,1.19133,1.19673,1.18905,1.19391
2018-05-13,1.19463,1.1955,1.19461,1.1952
2018-05-14,1.19519,1.19955,1.19223,1.19304
2018-05-15,1.19306,1.19379,1.18171,1.18197
2018-05-16,1.18198,1.18537,1.17627,1.1814
2018-05-17,1.18141,1.18368,1.17758,1.17895
2018-05-18,1.17896,1.18214,1.17492,1.17698
2018-05-20,1.17623,1.17668,1.17597,1.17645
2018-05-21,1.17646,1.1796,1.17159,1.17893
2018-05-22,1.17892,1.18292,1.17567,1.17876
2018-05-23,1.17875,1.17884,1.16752,1.17086
2018-05-24,1.17085,1.17497,1.16901,1.17215
2018-05-25,1.17217,1.17329,1.16451,1.16474
2018-05-27,1.16882,1.16892,1.16836,1.16879
2018-05-28,1.1688,1.17278,1.16069,1.16257
2018-05-29,1.16258,1.1639,1.15094,1.1537
2018-05-30,1.15372,1.16757,1.1518,1.16641
2018-05-31,1.1664,1.17236,1.16405,1.16915
2018-06-01,1.16915,1.17173,1.16169,1.16578
2018-06-03,1.16642,1.16679,1.16621,1.16665
2018-06-04,1.16667,1.17439,1.16663,1.16995
2018-06-05,1.16996,1.17318,1.1652,1.17256
2018-06-06,1.17257,1.17952,1.17134,1.17807
2018-06-07,1.17806,1.18393,1.17805,1.17926
2018-06-08,1.17925,1.18097,1.17265,1.17668
2018-06-10,1.17748,1.17853,1.17729,1.17839
2018-06-11,1.1784,1.182,1.17715,1.1772
2018-06-12,1.17719,1.18084,1.17328,1.1747
2018-06-13,1.17472,1.18042,1.17244,1.18026
2018-06-14,1.18027,1.18509,1.15603,1.1563
2018-06-15,1.15629,1.16264,1.15427,1.16063
2018-06-17,1.15961,1.15963,1.15899,1.15924
2018-06-18,1.15926,1.16402,1.15647,1.16291
2018-06-19,1.1629,1.16439,1.15303,1.15875
2018-06-20,1.15876,1.15994,1.15363,1.15769
2018-06-21,1.1577,1.16328,1.15079,1.16036
2018-06-22,1.16037,1.16742,1.16,1.16568
2018-06-24,1.16683,1.16686,1.16594,1.16594
2018-06-25,1.16598,1.17124,1.1628,1.17004
2018-06-26,1.17005,1.17198,1.16344,1.16487
2018-06-27,1.16488,1.16715,1.154,1.15622
2018-06-28,1.15623,1.15996,1.15265,1.15629
2018-06-29,1.15628,1.16897,1.15626,1.16819
2018-07-01,1.16769,1.16789,1.167,1.16781
2018-07-02,1.16775,1.16783,1.15906,1.1641
2018-07-03,1.16406,1.16725,1.16205,1.16583
2018-07-04,1.16582,1.1681,1.16299,1.16597
2018-07-05,1.16597,1.17196,1.16493,1.16913
2018-07-06,1.16914,1.17671,1.16794,1.17398
2018-07-08,1.17462,1.1752,1.1743,1.17511
2018-07-09,1.17512,1.17901,1.1732,1.17553
2018-07-10,1.17552,1.1762,1.16895,1.17273
2018-07-11,1.17275,1.17576,1.16647,1.16743
2018-07-12,1.16744,1.1695,1.1649,1.16635
2018-07-13,1.16634,1.16861,1.16122,1.1684
2018-07-15,1.1679,1.16814,1.16763,1.16778
2018-07-16,1.16779,1.17247,1.16749,1.17085
2018-07-17,1.17086,1.1744,1.16483,1.16526
2018-07-18,1.16527,1.16643,1.16013,1.16443
2018-07-19,1.16442,1.16779,1.15737,1.16539
2018-07-20,1.1654,1.17382,1.16256,1.17193
2018-07-22,1.17407,1.17425,1.17346,1.17397
2018-07-23,1.17398,1.17507,1.16825,1.16929
2018-07-24,1.16926,1.17163,1.16539,1.16841
2018-07-25,1.16844,1.17382,1.16631,1.17373
2018-07-26,1.17374,1.1743,1.16374,1.16432
2018-07-27,1.16431,1.16638,1.16197,1.16529
2018-07-29,1.16588,1.16599,1.16575,1.16586
2018-07-30,1.16587,1.17181,1.16474,1.17067
2018-07-31,1.17068,1.17454,1.1683,1.16885
2018-08-01,1.16887,1.16991,1.16566,1.16627
2018-08-02,1.16628,1.1667,1.15812,1.15845
2018-08-03,1.15847,1.161,1.15595,1.15667
2018-08-05,1.15626,1.15643,1.156,1.15607
2018-08-06,1.15608,1.15699,1.15293,1.15577
2018-08-07,1.15576,1.16075,1.15509,1.16024
2018-08-08,1.16025,1.16275,1.15725,1.16087
2018-08-09,1.16088,1.16187,1.15183,1.15235
2018-08-10,1.15234,1.15357,1.13874,1.14086
2018-08-12,1.14041,1.14058,1.13895,1.13937
2018-08-13,1.13941,1.14323,1.13643,1.14
2018-08-14,1.13996,1.14287,1.13294,1.13461
2018-08-15,1.13462,1.13541,1.13002,1.13408
2018-08-16,1.13409,1.14083,1.13349,1.13712
2018-08-17,1.13713,1.14443,1.13658,1.14363
2018-08-19,1.14371,1.14383,1.14347,1.14372
2018-08-20,1.14374,1.14923,1.13937,1.14913
2018-08-21,1.14911,1.16006,1.14849,1.15755
2018-08-22,1.15754,1.16222,1.15525,1.15851
2018-08-23,1.1585,1.15901,1.15292,1.15412
2018-08-24,1.15413,1.16393,1.15374,1.16204
2018-08-26,1.16325,1.1653,1.16304,1.16444
2018-08-27,1.16445,1.16931,1.15939,1.16834
2018-08-28,1.16835,1.1733,1.16618,1.16926
2018-08-29,1.16928,1.17099,1.16511,1.17086
2018-08-30,1.17087,1.17174,1.16409,1.16647
2018-08-31,1.16646,1.16893,1.15839,1.15996
2018-09-02,1.1594,1.15987,1.15919,1.15973
2018-09-03,1.15974,1.1627,1.15882,1.16132
2018-09-04,1.16133,1.16134,1.15294,1.15865
2018-09-05,1.15866,1.164,1.15418,1.16338
2018-09-06,1.1634,1.16586,1.16047,1.16193
2018-09-07,1.16195,1.16487,1.15498,1.15517
2018-09-09,1.15569,1.15602,1.15544,1.156
2018-09-10,1.15601,1.16156,1.15251,1.15929
2018-09-11,1.1593,1.16436,1.15648,1.15949
2018-09-12,1.1595,1.1649,1.15694,1.16247
2018-09-13,1.16246,1.17004,1.16084,1.16906
2018-09-14,1.16907,1.1721,1.16199,1.16204
2018-09-16,1.16223,1.1626,1.16217,1.16227
2018-09-17,1.16228,1.16975,1.16172,1.1668
2018-09-18,1.16681,1.17238,1.16515,1.16768
2018-09-19,1.16769,1.17141,1.16494,1.16733
2018-09-20,1.16734,1.17838,1.16712,1.17748
2018-09-21,1.17749,1.1802,1.1732,1.17449
2018-09-23,1.17443,1.17492,1.17443,1.17479
2018-09-24,1.17477,1.18144,1.17234,1.17519
2018-09-25,1.17518,1.1792,1.17302,1.17623
2018-09-26,1.17624,1.17969,1.17254,1.17463
2018-09-27,1.17458,1.17563,1.16323,1.16353
2018-09-28,1.16354,1.16505,1.15691,1.16013
2018-09-30,1.16039,1.16077,1.16021,1.16045
2018-10-01,1.16048,1.16237,1.15629,1.15764
2018-10-02,1.15765,1.15795,1.15045,1.15497
2018-10-03,1.15498,1.15929,1.14635,1.14756
2018-10-04,1.14757,1.15419,1.14627,1.15169
2018-10-05,1.15168,1.15487,1.14834,1.15177
2018-10-07,1.15244,1.15244,1.15193,1.15232
2018-10-08,1.15234,1.1529,1.14594,1.14934
2018-10-09,1.14935,1.15081,1.14316,1.1504
2018-10-10,1.15041,1.15448,1.14792,1.15324
2018-10-11,1.15325,1.15984,1.15305,1.15893
2018-10-12,1.15894,1.16099,1.15336,1.15577
2018-10-14,1.15508,1.15528,1.15494,1.15498
2018-10-15,1.15497,1.16056,1.15423,1.15822
2018-10-16,1.15823,1.16207,1.15652,1.15756
2018-10-17,1.15757,1.15797,1.14946,1.15005
2018-10-18,1.15006,1.15266,1.14484,1.14532
2018-10-19,1.14533,1.1534,1.14322,1.15135
2018-10-21,1.15115,1.15115,1.15078,1.15098
2018-10-22,1.15099,1.15493,1.1455,1.14638
2018-10-23,1.1464,1.14928,1.14385,1.147
2018-10-24,1.14702,1.1476,1.13782,1.13982
2018-10-25,1.13984,1.14318,1.13554,1.13746
2018-10-26,1.13745,1.14205,1.1335,1.14012
2018-10-28,1.14004,1.14028,1.13965,1.13972
2018-10-29,1.13974,1.14157,1.13599,1.1375
2018-10-30,1.13748,1.13873,1.13399,1.13447
2018-10-31,1.13448,1.13595,1.13014,1.13141
2018-11-01,1.13142,1.14235,1.13122,1.14022
2018-11-02,1.14021,1.14551,1.13713,1.13855
2018-11-04,1.13978,1.1399,1.13963,1.1397
2018-11-05,1.13971,1.14233,1.13519,1.14076
2018-11-06,1.14077,1.1441,1.13907,1.14405
2018-11-07,1.14406,1.14989,1.13938,1.14319
2018-11-08,1.1432,1.1446,1.13508,1.13671
2018-11-09,1.13672,1.13682,1.13153,1.13366
2018-11-11,1.13197,1.1324,1.13189,1.13231
2018-11-12,1.13234,1.13297,1.12153,1.12229
2018-11-13,1.1223,1.1319,1.12211,1.13104
2018-11-14,1.13106,1.13452,1.12626,1.13113
2018-11-15,1.13114,1.13617,1.12699,1.13237
2018-11-16,1.13239,1.14194,1.1321,1.14134
2018-11-18,1.14145,1.14205,1.14055,1.14131
2018-11-19,1.1413,1.14638,1.13933,1.14535
2018-11-20,1.14537,1.14717,1.13581,1.13715
2018-11-21,1.13716,1.14241,1.13649,1.1388
2018-11-22,1.13881,1.14334,1.13848,1.14021
2018-11-23,1.1402,1.14205,1.13269,1.13296
2018-11-25,1.13357,1.13369,1.13304,1.13367
2018-11-26,1.13368,1.1383,1.13245,1.13324
2018-11-27,1.13323,1.13431,1.12768,1.12965
2018-11-28,1.12964,1.13869,1.12667,1.13669
2018-11-29,1.13668,1.1401,1.13481,1.13918
2018-11-30,1.13919,1.13999,1.13049,1.13152
2018-12-02,1.133,1.13419,1.13275,1.13415
2018-12-03,1.13406,1.13791,1.13188,1.13536
2018-12-04,1.13537,1.14181,1.1318,1.13418
2018-12-05,1.13419,1.13607,1.13105,1.13481
2018-12-06,1.13483,1.14119,1.13203,1.13754
2018-12-07,1.13754,1.14229,1.13598,1.14078
2018-12-09,1.14021,1.14061,1.13984,1.1399
2018-12-10,1.13988,1.1442,1.13498,1.13552
2018-12-11,1.13554,1.13996,1.13057,1.13212
2018-12-12,1.1321,1.13865,1.13145,1.1372
2018-12-13,1.13721,1.13926,1.13306,1.13623
2018-12-14,1.13622,1.13644,1.12694,1.13023
2018-12-16,1.1306,1.13077,1.13037,1.13038
2018-12-17,1.13039,1.1357,1.13026,1.13487
2018-12-18,1.13487,1.14017,1.13364,1.1375
2018-12-19,1.13751,1.14385,1.13638,1.13857
2018-12-20,1.13859,1.14852,1.13767,1.14558
2018-12-21,1.14559,1.14735,1.13554,1.13583
2018-12-23,1.13699,1.13732,1.13695,1.13715
2018-12-24,1.13718,1.14378,1.13698,1.13993
2018-12-26,1.14121,1.14157,1.1342,1.13596
2018-12-27,1.13599,1.14535,1.13575,1.14297
2018-12-28,1.14299,1.1472,1.14293,1.1445
2018-12-30,1.1439,1.14396,1.14373,1.14384
2018-12-31,1.14382,1.14653,1.14209,1.14615
2019-01-01,1.14659,1.1467,1.14603,1.14604
2019-01-02,1.14605,1.14961,1.13084,1.13116
2019-01-03,1.13115,1.14103,1.13095,1.13894
2019-01-04,1.13895,1.14185,1.13455,1.13971
2019-01-06,1.14081,1.14124,1.14065,1.14096
2019-01-07,1.14097,1.14818,1.1404,1.14783
2019-01-08,1.14782,1.14839,1.14219,1.14566
2019-01-09,1.14568,1.15557,1.14385,1.15535
2019-01-10,1.15536,1.15692,1.14843,1.15074
2019-01-11,1.15141,1.15398,1.14573,1.14631
2019-01-13,1.14619,1.14623,1.14589,1.1459
2019-01-14,1.14591,1.14813,1.145,1.1472
2019-01-15,1.14712,1.1489,1.13814,1.14133
2019-01-16,1.14132,1.14242,1.13772,1.13988
2019-01-17,1.13987,1.14053,1.13696,1.13915
2019-01-18,1.13913,1.14097,1.13526,1.13641
2019-01-20,1.13661,1.13676,1.13641,1.13646
2019-01-21,1.13645,1.13905,1.13563,1.13684
2019-01-22,1.13683,1.13733,1.13355,1.13626
2019-01-23,1.13628,1.13938,1.13504,1.13855
2019-01-24,1.13856,1.13908,1.12888,1.13121
2019-01-25,1.13122,1.14169,1.13043,1.14115
2019-01-27,1.14106,1.14122,1.14098,1.1412
2019-01-28,1.14121,1.1443,1.13894,1.14289
2019-01-29,1.1429,1.14495,1.14105,1.14343
2019-01-30,1.14342,1.1501,1.14055,1.14846
2019-01-31,1.14844,1.15135,1.14352,1.14475
2019-02-01,1.1447,1.14879,1.14337,1.14598
2019-02-03,1.14555,1.14567,1.14538,1.14538
2019-02-04,1.14539,1.14598,1.14239,1.14344
2019-02-05,1.14343,1.14399,1.14005,1.14082
2019-02-06,1.14081,1.14084,1.13615,1.13649
2019-02-07,1.1365,1.13669,1.13239,1.13376
2019-02-08,1.13379,1.13502,1.13204,1.13221
2019-02-10,1.13203,1.13242,1.13195,1.13232
2019-02-11,1.13233,1.13293,1.12667,1.1278
2019-02-12,1.12779,1.1339,1.12572,1.13331
2019-02-13,1.13332,1.13408,1.12566,1.1264
2019-02-14,1.12641,1.1309,1.12493,1.12942
2019-02-15,1.12939,1.13055,1.12336,1.12922
2019-02-17,1.12891,1.12954,1.1289,1.12944
2019-02-18,1.12945,1.13333,1.12932,1.13108
2019-02-19,1.13109,1.13569,1.1275,1.13391
2019-02-20,1.13392,1.13706,1.13244,1.13456
2019-02-21,1.13457,1.13658,1.13199,1.13392
2019-02-22,1.13391,1.13551,1.13161,1.13306
2019-02-24,1.13366,1.13415,1.13365,1.13415
2019-02-25,1.13416,1.1367,1.13361,1.13642
2019-02-26,1.13643,1.14021,1.13448,1.13924
2019-02-27,1.13926,1.1403,1.13618,1.1379
2019-02-28,1.13781,1.14189,1.13593,1.13725
2019-03-01,1.13724,1.1408,1.13527,1.13648
2019-03-03,1.13762,1.13784,1.13716,1.13743
2019-03-04,1.13744,1.13745,1.13084,1.13359
2019-03-05,1.13358,1.13379,1.1289,1.13054
2019-03-06,1.13056,1.1324,1.12868,1.13123
2019-03-07,1.13119,1.13196,1.11757,1.11976
2019-03-08,1.11975,1.12455,1.11846,1.1232
2019-03-10,1.12352,1.12367,1.12305,1.1231
2019-03-11,1.12311,1.12642,1.12211,1.12584
2019-03-12,1.12585,1.13043,1.12486,1.12859
2019-03-13,1.1286,1.13379,1.12767,1.13297
2019-03-14,1.13299,1.13355,1.12935,1.13058
2019-03-15,1.13057,1.13436,1.12994,1.13227
2019-03-17,1.13189,1.13201,1.13184,1.13187
2019-03-18,1.13188,1.13583,1.13187,1.13355
2019-03-19,1.13354,1.13611,1.1333,1.13535
2019-03-20,1.13537,1.14475,1.13348,1.14277
2019-03-21,1.14278,1.14367,1.13418,1.13731
2019-03-22,1.13732,1.139,1.12726,1.12982
2019-03-24,1.12969,1.12976,1.12945,1.12949
2019-03-25,1.1295,1.13307,1.12885,1.13144
2019-03-26,1.13145,1.13252,1.12624,1.12732
2019-03-27,1.12734,1.1285,1.12415,1.12515
2019-03-28,1.12509,1.12605,1.12131,1.12291
2019-03-29,1.12288,1.1246,1.12092,1.12162
2019-03-31,1.12201,1.12243,1.122,1.12225
2019-04-01,1.12226,1.12492,1.11984,1.12044
2019-04-02,1.12045,1.12154,1.1183,1.12026
2019-04-03,1.12027,1.12541,1.12013,1.1244
2019-04-04,1.12442,1.1247,1.12055,1.12217
2019-04-05,1.12218,1.12461,1.12096,1.12107
2019-04-07,1.12168,1.12178,1.12145,1.12176
2019-04-08,1.12178,1.12739,1.12143,1.12551
2019-04-09,1.1255,1.12837,1.12549,1.12649
2019-04-10,1.1265,1.12872,1.1229,1.12753
2019-04-11,1.12754,1.12867,1.12493,1.12595
2019-04-12,1.12596,1.13232,1.12566,1.12938
2019-04-14,1.13032,1.13065,1.13015,1.13022
2019-04-15,1.13023,1.13203,1.12969,1.13037
2019-04-16,1.13038,1.13132,1.12793,1.12839
2019-04-17,1.12838,1.1323,1.12807,1.12958
2019-04-18,1.12959,1.13033,1.12247,1.12342
2019-04-19,1.12343,1.12476,1.12316,1.12405
2019-04-21,1.1243,1.12442,1.12425,1.12435
2019-04-22,1.12436,1.12614,1.12352,1.12578
2019-04-23,1.12579,1.12607,1.11917,1.1223
2019-04-24,1.12231,1.12236,1.11401,1.11528
2019-04-25,1.11529,1.11619,1.11173,1.11348
2019-04-26,1.11349,1.11734,1.11106,1.11424
2019-04-28,1.11485,1.115,1.1147,1.11487
2019-04-29,1.11489,1.11862,1.11445,1.11843
2019-04-30,1.11842,1.12286,1.11751,1.1215
2019-05-01,1.12151,1.12641,1.11866,1.12018
2019-05-02,1.12017,1.12185,1.117,1.11722
2019-05-03,1.11723,1.12041,1.11347,1.11989
2019-05-05,1.11932,1.11947,1.11805,1.1184
2019-05-06,1.11841,1.12085,1.11783,1.12004
2019-05-07,1.12003,1.12173,1.1166,1.11888
2019-05-08,1.1189,1.1213,1.11821,1.11971
2019-05-09,1.11972,1.12503,1.11727,1.12178
2019-05-10,1.12179,1.12529,1.1217,1.12326
2019-05-12,1.12362,1.12383,1.12335,1.12351
2019-05-13,1.12352,1.12628,1.12181,1.12314
2019-05-14,1.12317,1.12433,1.12006,1.12027
2019-05-15,1.12028,1.12239,1.11774,1.12066
2019-05-16,1.12065,1.12232,1.11656,1.11726
2019-05-17,1.11725,1.11837,1.11543,1.11543
2019-05-19,1.11626,1.11644,1.11615,1.1164
2019-05-20,1.11639,1.11741,1.11499,1.11666
2019-05-21,1.11665,1.11835,1.11413,1.11637
2019-05-22,1.11634,1.11796,1.11479,1.11546
2019-05-23,1.11545,1.11867,1.11067,1.11835
2019-05-24,1.11831,1.12114,1.11764,1.12013
2019-05-26,1.12095,1.12109,1.12063,1.12063
2019-05-27,1.12062,1.12145,1.11862,1.11928
2019-05-28,1.11929,1.11977,1.11588,1.11675
2019-05-29,1.11673,1.11718,1.11238,1.11361
2019-05-30,1.11359,1.11427,1.11154,1.11288
2019-05-31,1.11289,1.11791,1.11246,1.11642
2019-06-02,1.11716,1.11735,1.11701,1.11731
2019-06-03,1.1173,1.12614,1.11596,1.1245
2019-06-04,1.12451,1.12767,1.12262,1.1253
2019-06-05,1.12531,1.13041,1.12191,1.1228
2019-06-06,1.12279,1.13082,1.11999,1.12749
2019-06-07,1.1275,1.13471,1.12506,1.13342
2019-06-09,1.13165,1.13206,1.13161,1.13185
2019-06-10,1.13186,1.13237,1.12896,1.13173
2019-06-11,1.13175,1.13368,1.13014,1.13289
2019-06-12,1.1329,1.13429,1.12818,1.12919
2019-06-13,1.12918,1.13032,1.12681,1.12789
2019-06-14,1.12788,1.12886,1.12019,1.1204
2019-06-16,1.12155,1.12166,1.12135,1.12149
2019-06-17,1.1215,1.12463,1.12031,1.12236
2019-06-18,1.12238,1.12422,1.11808,1.11972
2019-06-19,1.11973,1.12537,1.11866,1.12351
2019-06-20,1.1235,1.1316,1.12346,1.12938
2019-06-21,1.12939,1.13772,1.12825,1.13663
2019-06-23,1.13741,1.13846,1.1374,1.13845
2019-06-24,1.13844,1.14033,1.1372,1.13987
2019-06-25,1.13988,1.14115,1.13438,1.13675
2019-06-26,1.13676,1.13904,1.1347,1.1373
2019-06-27,1.13731,1.13809,1.13472,1.13706
2019-06-28,1.13707,1.1393,1.13501,1.13659
2019-06-30,1.13665,1.13693,1.13594,1.13594
2019-07-01,1.13595,1.13633,1.12804,1.12862
2019-07-02,1.12863,1.13202,1.12746,1.12899
2019-07-03,1.129,1.13109,1.1268,1.12868
2019-07-04,1.12867,1.12945,1.12726,1.12846
2019-07-05,1.12847,1.12855,1.12069,1.12233
2019-07-07,1.12267,1.12274,1.1226,1.12262
2019-07-08,1.12263,1.12338,1.12064,1.12146
2019-07-09,1.12147,1.12183,1.11928,1.12038
2019-07-10,1.12037,1.12636,1.12013,1.12577
2019-07-11,1.12579,1.12852,1.12446,1.12492
2019-07-12,1.12493,1.12743,1.12377,1.12669
2019-07-14,1.12687,1.12717,1.12687,1.12706
2019-07-15,1.12707,1.12832,1.12528,1.12593
2019-07-16,1.12594,1.12629,1.12014,1.12112
2019-07-17,1.12111,1.12331,1.11995,1.12267
2019-07-18,1.12266,1.12799,1.12047,1.12606
2019-07-19,1.12605,1.12679,1.12029,1.12163
2019-07-21,1.1215,1.1218,1.12144,1.1217
2019-07-22,1.12172,1.12247,1.12032,1.12038
2019-07-23,1.12039,1.12075,1.11454,1.11504
2019-07-24,1.11505,1.11552,1.11264,1.11414
2019-07-25,1.11411,1.11872,1.11008,1.11442
2019-07-26,1.11439,1.11503,1.11114,1.11254
2019-07-28,1.11318,1.11319,1.11288,1.11288
2019-07-29,1.11289,1.11504,1.11124,1.11419
2019-07-30,1.11418,1.11605,1.11316,1.11564
2019-07-31,1.11563,1.11615,1.10596,1.1071
2019-08-01,1.10711,1.10954,1.10264,1.10784
2019-08-02,1.10782,1.11159,1.10693,1.11104
2019-08-04,1.11078,1.11086,1.11059,1.11072
2019-08-05,1.11073,1.12445,1.1106,1.12413
2019-08-06,1.12409,1.12491,1.11669,1.12047
2019-08-07,1.12048,1.12413,1.11787,1.12035
2019-08-08,1.12033,1.12322,1.11764,1.11855
2019-08-09,1.11856,1.12224,1.11829,1.11994
2019-08-11,1.12015,1.12076,1.11999,1.12068
2019-08-12,1.12067,1.12301,1.11615,1.12156
2019-08-13,1.12159,1.1228,1.11694,1.11758
2019-08-14,1.11759,1.11902,1.11301,1.11424
2019-08-15,1.11425,1.11579,1.10909,1.11099
2019-08-16,1.111,1.11107,1.10657,1.10855
2019-08-18,1.10921,1.10936,1.1089,1.10915
2019-08-19,1.10914,1.11132,1.10755,1.10809
2019-08-20,1.1081,1.11062,1.10651,1.10965
2019-08-21,1.10966,1.11065,1.10797,1.10896
2019-08-22,1.10897,1.11126,1.10631,1.1083
2019-08-23,1.10829,1.11527,1.10511,1.11355
2019-08-25,1.11488,1.11501,1.11416,1.11428
2019-08-26,1.11429,1.11524,1.10936,1.11008
2019-08-27,1.11009,1.11154,1.10851,1.1089
2019-08-28,1.10891,1.10973,1.10727,1.10851
2019-08-29,1.10852,1.10925,1.10415,1.10585
2019-08-30,1.10584,1.10595,1.09627,1.09865
2019-09-01,1.09896,1.09919,1.09892,1.09898
2019-09-02,1.09897,1.09926,1.09573,1.09636
2019-09-03,1.09637,1.09782,1.09256,1.0972
2019-09-04,1.09718,1.10378,1.0971,1.10341
2019-09-05,1.1034,1.1084,1.10165,1.10335
2019-09-06,1.10336,1.10566,1.10197,1.10243
2019-09-08,1.10224,1.10234,1.10191,1.10197
2019-09-09,1.10196,1.10675,1.10149,1.10464
2019-09-10,1.10466,1.1059,1.103,1.10495
2019-09-11,1.10496,1.10551,1.09847,1.10129
2019-09-12,1.1013,1.10866,1.09265,1.10558
2019-09-13,1.10556,1.1109,1.10556,1.10653
2019-09-15,1.10817,1.10857,1.10816,1.10825
2019-09-16,1.10826,1.10838,1.09928,1.10025
2019-09-17,1.10024,1.1075,1.09896,1.10731
2019-09-18,1.10732,1.10742,1.10131,1.10286
2019-09-19,1.10285,1.10719,1.10222,1.1044
2019-09-20,1.10439,1.10671,1.09957,1.10163
2019-09-22,1.10186,1.10191,1.10164,1.1018
2019-09-23,1.10179,1.10248,1.09656,1.09934
2019-09-24,1.09933,1.10235,1.09832,1.1013
2019-09-25,1.10131,1.10164,1.09369,1.09507
2019-09-26,1.09504,1.09669,1.09084,1.09217
2019-09-27,1.09218,1.09581,1.09044,1.09369
2019-09-29,1.09435,1.09437,1.09411,1.09416
2019-09-30,1.09414,1.09472,1.08841,1.08987
2019-10-01,1.08986,1.09423,1.08784,1.09333
2019-10-02,1.09334,1.0963,1.09036,1.09598
2019-10-03,1.09597,1.09987,1.09404,1.09741
2019-10-04,1.09742,1.09988,1.09565,1.09723
2019-10-06,1.09825,1.09833,1.09808,1.09827
2019-10-07,1.09826,1.10001,1.09613,1.09709
2019-10-08,1.0971,1.09955,1.09406,1.09592
2019-10-09,1.09593,1.09899,1.09542,1.09836
2019-10-10,1.09835,1.10332,1.09792,1.101
2019-10-11,1.10101,1.10622,1.10003,1.10314
2019-10-13,1.1029,1.1029,1.10245,1.10277
2019-10-14,1.10276,1.10421,1.10123,1.10254
2019-10-15,1.10253,1.10455,1.09907,1.10339
2019-10-16,1.10338,1.1085,1.10219,1.10733
2019-10-17,1.10734,1.11393,1.10645,1.11241
2019-10-18,1.1124,1.11742,1.11141,1.11742
2019-10-20,1.11529,1.11561,1.11508,1.11553
2019-10-21,1.11554,1.11788,1.11382,1.1151
2019-10-22,1.11511,1.11562,1.11171,1.11283
2019-10-23,1.11284,1.11396,1.11056,1.11315
2019-10-24,1.11316,1.11621,1.10925,1.11029
2019-10-25,1.1103,1.11223,1.10724,1.10767
2019-10-27,1.1082,1.10835,1.10816,1.10834
2019-10-28,1.10835,1.11061,1.10756,1.10978
2019-10-29,1.10977,1.1117,1.1073,1.11117
2019-10-30,1.11118,1.11548,1.10795,1.11516
2019-10-31,1.11517,1.11751,1.11309,1.11556
2019-11-01,1.11554,1.11713,1.11277,1.11563
2019-11-03,1.11684,1.11686,1.11635,1.11656
2019-11-04,1.11655,1.11748,1.11212,1.11274
2019-11-05,1.11272,1.11397,1.10629,1.10734
2019-11-06,1.10735,1.10922,1.10645,1.10695
2019-11-07,1.10694,1.10909,1.10356,1.10518
2019-11-08,1.10517,1.10548,1.10161,1.10199
2019-11-10,1.10196,1.10223,1.10185,1.10214
2019-11-11,1.10215,1.10425,1.1016,1.10342
2019-11-12,1.10341,1.1038,1.1002,1.10115
2019-11-13,1.10116,1.10199,1.09948,1.10091
2019-11-14,1.10092,1.1027,1.09885,1.10193
2019-11-15,1.10194,1.10563,1.1014,1.1052
2019-11-17,1.10484,1.1054,1.10484,1.10534
2019-11-18,1.10533,1.10894,1.10528,1.10716
2019-11-19,1.10718,1.10833,1.1062,1.10774
2019-11-20,1.10775,1.10808,1.10525,1.10774
2019-11-21,1.10775,1.10964,1.10516,1.1065
2019-11-22,1.10649,1.1087,1.10138,1.10205
2019-11-24,1.10184,1.10221,1.10155,1.10221
2019-11-25,1.10222,1.10316,1.10031,1.10099
2019-11-26,1.101,1.1025,1.10067,1.10214
2019-11-27,1.10215,1.10216,1.09918,1.10044
2019-11-28,1.10045,1.10174,1.09999,1.10109
2019-11-29,1.10108,1.10277,1.09807,1.10174
2019-12-01,1.1023,1.10234,1.10165,1.10178
2019-12-02,1.10176,1.10893,1.10024,1.10755
2019-12-03,1.10756,1.1093,1.10655,1.10814
2019-12-04,1.10813,1.11156,1.10662,1.10821
2019-12-05,1.1082,1.11076,1.10787,1.11035
2019-12-06,1.11036,1.11092,1.10393,1.10578
2019-12-08,1.10578,1.106,1.10554,1.10579
2019-12-09,1.10578,1.10773,1.10528,1.10639
2019-12-10,1.10638,1.1097,1.10623,1.10919
2019-12-11,1.10918,1.11408,1.10696,1.11321
2019-12-12,1.11322,1.11991,1.11025,1.11828
2019-12-13,1.11825,1.11855,1.11115,1.11178
2019-12-15,1.11256,1.11303,1.11221,1.11237
2019-12-16,1.11236,1.11575,1.11226,1.11351
2019-12-17,1.11352,1.11739,1.11287,1.11509
2019-12-18,1.11508,1.11508,1.11097,1.11149
2019-12-19,1.11148,1.11437,1.11069,1.11206
2019-12-20,1.11211,1.11231,1.10658,1.10759
2019-12-22,1.10797,1.10804,1.10759,1.10797
2019-12-23,1.10795,1.10953,1.10693,1.10911
2019-12-24,1.10913,1.10934,1.10686,1.10861
2019-12-25,1.109,1.10947,1.10895,1.10937
2019-12-26,1.10939,1.11083,1.10816,1.11007
2019-12-27,1.11006,1.11877,1.10981,1.11732
2019-12-29,1.11742,1.11833,1.11709,1.11807
2019-12-30,1.11808,1.12202,1.118,1.12008
2019-12-31,1.12007,1.12387,1.11982,1.12256
2020-01-02,1.11957,1.12026,1.1163,1.11703
2020-01-03,1.11699,1.11793,1.11245,1.11593
2020-01-05,1.1164,1.11672,1.11583,1.11599
2020-01-06,1.11598,1.12051,1.11566,1.11949
2020-01-07,1.11948,1.11966,1.11331,1.11535
2020-01-08,1.11534,1.11677,1.11012,1.11124
2020-01-09,1.11125,1.11198,1.10926,1.11088
2020-01-10,1.11087,1.11286,1.10845,1.11196
2020-01-12,1.11174,1.11201,1.11123,1.11156
2020-01-13,1.11157,1.11463,1.1112,1.11339
2020-01-14,1.11338,1.11439,1.1104,1.11269
2020-01-15,1.1127,1.11628,1.1118,1.11518
2020-01-16,1.11519,1.11721,1.11274,1.11364
2020-01-17,1.11365,1.11419,1.10857,1.10906
2020-01-19,1.1089,1.10942,1.1089,1.1094
2020-01-20,1.10939,1.11018,1.10762,1.10956
2020-01-21,1.10957,1.11175,1.10821,1.10846
2020-01-22,1.10845,1.10978,1.10696,1.10952
2020-01-23,1.10951,1.11081,1.10358,1.10548
2020-01-24,1.10549,1.1061,1.10196,1.10269
2020-01-26,1.10316,1.10336,1.10239,1.1024
2020-01-27,1.10239,1.10369,1.10091,1.10188
2020-01-28,1.10187,1.10246,1.09973,1.10216
2020-01-29,1.10217,1.1027,1.09918,1.10133
2020-01-30,1.10131,1.10388,1.10062,1.10281
2020-01-31,1.10279,1.10932,1.10163,1.1093
2020-02-02,1.10887,1.109,1.10879,1.10885
2020-02-03,1.10886,1.10886,1.10353,1.10618
2020-02-04,1.10619,1.10636,1.10323,1.10442
2020-02-05,1.10443,1.10473,1.09931,1.09999
2020-02-06,1.10001,1.10134,1.09639,1.09802
2020-02-07,1.09804,1.09844,1.09415,1.09455
2020-02-09,1.09441,1.095,1.09441,1.09486
2020-02-10,1.09487,1.09569,1.09071,1.09097
2020-02-11,1.09098,1.09245,1.08908,1.09184
2020-02-12,1.09183,1.0925,1.08648,1.08751
2020-02-13,1.08749,1.08881,1.08334,1.08407
2020-02-14,1.08408,1.08607,1.08267,1.08336
2020-02-16,1.08382,1.08411,1.0838,1.08406
2020-02-17,1.08407,1.08505,1.08286,1.08361
2020-02-18,1.0836,1.08367,1.07851,1.07918
2020-02-20,1.08131,1.08205,1.07821,1.0787
2020-02-21,1.07875,1.08634,1.0787,1.08458
2020-02-23,1.08257,1.08417,1.08174,1.08383
2020-02-24,1.08383,1.08718,1.08049,1.08485
2020-02-25,1.08485,1.089,1.08299,1.08795
2020-02-26,1.08795,1.09085,1.08548,1.08862
2020-02-27,1.08865,1.10056,1.08847,1.09962
2020-02-28,1.09962,1.10529,1.09507,1.1026
2020-03-01,1.10426,1.10737,1.10383,1.10515
2020-03-02,1.10515,1.11844,1.10361,1.11442
2020-03-03,1.11442,1.12089,1.10953,1.11764
2020-03-04,1.11765,1.11873,1.10953,1.1138
2020-03-05,1.1138,1.12447,1.11194,1.12224
2020-03-06,1.12224,1.13546,1.12111,1.1284
2020-03-08,1.13465,1.13963,1.13348,1.13875
2020-03-09,1.13875,1.1496,1.13558,1.1399
2020-03-10,1.1399,1.14249,1.12749,1.13138
2020-03-11,1.13138,1.13664,1.12492,1.12612
2020-03-12,1.12612,1.13332,1.10554,1.11823
2020-03-13,1.11823,1.12212,1.10549,1.10992
2020-03-15,1.10633,1.11991,1.10633,1.11556
2020-03-16,1.11555,1.12365,1.10847,1.11634
2020-03-17,1.11634,1.11891,1.09551,1.1016
2020-03-18,1.10161,1.10449,1.08018,1.09441
2020-03-19,1.09445,1.09488,1.06537,1.06544
2020-03-20,1.06544,1.08308,1.06376,1.06908
2020-03-22,1.07004,1.07066,1.06356,1.06886
2020-03-23,1.06886,1.08274,1.06576,1.07635
2020-03-24,1.07634,1.0888,1.07458,1.0798
2020-03-25,1.0798,1.08936,1.07601,1.08883
2020-03-26,1.0888,1.10587,1.08742,1.10473
2020-03-27,1.10471,1.11465,1.09532,1.11392
2020-03-29,1.11155,1.11438,1.11049,1.11362
2020-03-30,1.11362,1.11382,1.10099,1.10289
2020-03-31,1.10289,1.10426,1.09266,1.10255
2020-04-01,1.10258,1.10361,1.09027,1.09514
2020-04-02,1.09514,1.09643,1.08206,1.0846
2020-04-03,1.0846,1.08552,1.07726,1.07896
2020-04-05,1.08072,1.08214,1.07979,1.08053
2020-04-06,1.08053,1.08353,1.07683,1.07988
2020-04-07,1.07988,1.09261,1.07903,1.08934
2020-04-08,1.08934,1.08968,1.08299,1.08599
2020-04-09,1.08599,1.09516,1.08409,1.09227
2020-04-10,1.09227,1.09521,1.09189,1.0924
2020-04-12,1.09483,1.09483,1.09304,1.09316
2020-04-13,1.09316,1.09677,1.08926,1.092
2020-04-14,1.09198,1.09906,1.0915,1.09834
2020-04-15,1.09834,1.09872,1.08564,1.09038
2020-04-16,1.09036,1.09071,1.08165,1.08586
2020-04-17,1.08586,1.08925,1.0812,1.08696
2020-04-19,1.08626,1.0876,1.08623,1.08636
2020-04-20,1.08634,1.08965,1.08417,1.08638
2020-04-21,1.08638,1.088,1.08166,1.08561
2020-04-22,1.08561,1.0885,1.08031,1.08062
2020-04-23,1.08062,1.08465,1.0756,1.07746
2020-04-24,1.07745,1.08292,1.07269,1.08221
2020-04-26,1.08206,1.08227,1.08145,1.08208
2020-04-27,1.08208,1.08599,1.08113,1.08244
2020-04-28,1.08244,1.08882,1.08097,1.08325
2020-04-29,1.08324,1.08854,1.08307,1.08772
2020-04-30,1.0877,1.09724,1.08329,1.09448
2020-05-01,1.09445,1.1018,1.09343,1.09769
2020-05-03,1.09656,1.09754,1.0953,1.09606
2020-05-04,1.09606,1.09608,1.08948,1.0903
2020-05-05,1.0903,1.09257,1.08257,1.08384
2020-05-06,1.08385,1.08436,1.07819,1.0798
2020-05-07,1.0798,1.08407,1.07664,1.08361
2020-05-08,1.08361,1.08753,1.0815,1.08352
2020-05-10,1.08204,1.08394,1.08204,1.08374
2020-05-11,1.08376,1.08503,1.08003,1.08091
2020-05-12,1.08091,1.08848,1.07842,1.08453
2020-05-13,1.08453,1.08963,1.08114,1.08208
2020-05-14,1.08208,1.08236,1.07746,1.08059
2020-05-15,1.08059,1.08507,1.07887,1.08129
2020-05-17,1.07926,1.0823,1.07926,1.08185
2020-05-18,1.08185,1.09269,1.07998,1.09138
2020-05-19,1.09138,1.09758,1.0902,1.09258
2020-05-20,1.09259,1.09989,1.09259,1.09795
2020-05-21,1.09795,1.10081,1.09371,1.0949
2020-05-22,1.09491,1.09535,1.08852,1.08979
2020-05-24,1.08925,1.0908,1.08925,1.09078
2020-05-25,1.09077,1.09143,1.08704,1.09014
2020-05-26,1.09014,1.09956,1.08968,1.09783
2020-05-27,1.09783,1.10306,1.09337,1.10164
2020-05-28,1.10164,1.10932,1.09915,1.10777
2020-05-29,1.10775,1.11447,1.10697,1.10946
2020-05-31,1.11135,1.11194,1.11024,1.11153
2020-06-01,1.11156,1.11538,1.11003,1.11251
2020-06-02,1.11253,1.11957,1.11151,1.1185
2020-06-03,1.11848,1.12577,1.11794,1.12348
2020-06-04,1.12348,1.13621,1.11947,1.13355
2020-06-05,1.13357,1.13835,1.12783,1.12877
2020-06-07,1.1293,1.13195,1.12906,1.1316
2020-06-08,1.1316,1.13182,1.12682,1.13039
2020-06-09,1.13039,1.13636,1.12408,1.13319
2020-06-10,1.13318,1.1422,1.13226,1.13665
2020-06-11,1.13666,1.14034,1.12855,1.12878
2020-06-12,1.12879,1.13403,1.12124,1.12604
2020-06-14,1.12326,1.12579,1.12264,1.12514
2020-06-15,1.12515,1.13378,1.12266,1.13375
2020-06-16,1.13376,1.13532,1.12279,1.12648
2020-06-17,1.12647,1.12938,1.12072,1.12419
2020-06-18,1.12419,1.12612,1.11854,1.12077
2020-06-19,1.12077,1.12542,1.11681,1.11767
2020-06-21,1.11831,1.11874,1.11683,1.11765
2020-06-22,1.11765,1.12806,1.11736,1.12774
2020-06-23,1.12773,1.13484,1.12328,1.13123
2020-06-24,1.13123,1.13256,1.12482,1.12498
2020-06-25,1.12498,1.12594,1.11901,1.12177
2020-06-26,1.12177,1.12391,1.11951,1.1218
2020-06-28,1.12146,1.12269,1.12136,1.12218
2020-06-29,1.1222,1.12877,1.12193,1.12467
2020-06-30,1.12466,1.12617,1.11909,1.12333
2020-07-01,1.12331,1.12747,1.11845,1.12507
2020-07-02,1.12505,1.13022,1.12229,1.12369
2020-07-03,1.12371,1.12521,1.1219,1.12447
2020-07-05,1.12426,1.1249,1.12361,1.12461
2020-07-06,1.12462,1.13451,1.12462,1.1312
2020-07-07,1.13119,1.1332,1.12585,1.1274
2020-07-08,1.12743,1.13512,1.12618,1.13367
2020-07-09,1.13367,1.13702,1.12797,1.12875
2020-07-10,1.1288,1.13242,1.12544,1.12996
2020-07-12,1.1304,1.13169,1.13007,1.13082
2020-07-13,1.13082,1.13744,1.13004,1.13443
2020-07-14,1.13443,1.14118,1.13248,1.14096
2020-07-15,1.14098,1.14516,1.13908,1.14165
2020-07-16,1.14164,1.14412,1.137,1.13874
2020-07-17,1.13874,1.14432,1.13771,1.14272
2020-07-19,1.14053,1.14452,1.14042,1.14417
2020-07-20,1.14417,1.14672,1.14021,1.14553
2020-07-21,1.14555,1.15418,1.14225,1.15346
2020-07-22,1.15346,1.16008,1.15064,1.15643
2020-07-23,1.15643,1.16263,1.15399,1.15948
2020-07-24,1.15951,1.16574,1.1581,1.16549
2020-07-26,1.1642,1.1655,1.16394,1.16493
2020-07-27,1.16493,1.1781,1.16491,1.17678
2020-07-28,1.17676,1.17732,1.16984,1.17181
2020-07-29,1.17181,1.18054,1.17137,1.17806
2020-07-30,1.17801,1.18759,1.17306,1.18713
2020-07-31,1.18711,1.19083,1.17615,1.17757
2020-08-02,1.17703,1.17962,1.17675,1.17807
2020-08-03,1.1781,1.17884,1.16957,1.17598
2020-08-04,1.17598,1.18144,1.17209,1.18131
2020-08-05,1.18133,1.19044,1.17991,1.18717
2020-08-06,1.18717,1.19156,1.18176,1.18749
2020-08-07,1.18749,1.18816,1.1755,1.17862
2020-08-09,1.17863,1.17893,1.17729,1.17806
2020-08-10,1.17806,1.18002,1.17353,1.17355
2020-08-11,1.17356,1.18069,1.17216,1.17345
2020-08-12,1.17345,1.18157,1.17106,1.17936
2020-08-13,1.17936,1.18637,1.17931,1.18151
2020-08-14,1.18151,1.18499,1.17816,1.18411
2020-08-16,1.18389,1.18525,1.18264,1.18516
2020-08-17,1.18516,1.18805,1.18283,1.18742
2020-08-18,1.18742,1.19651,1.18738,1.19459
2020-08-19,1.19459,1.19523,1.183,1.18432
2020-08-20,1.18437,1.18706,1.18019,1.18692
2020-08-21,1.1869,1.18824,1.17538,1.17956
2020-08-23,1.17885,1.18062,1.17831,1.17977
2020-08-24,1.17977,1.18491,1.17837,1.17931
2020-08-25,1.1793,1.18429,1.17837,1.18337
2020-08-26,1.18337,1.184,1.17718,1.18396
2020-08-27,1.18398,1.1901,1.1762,1.18202
2020-08-28,1.18201,1.19193,1.18105,1.1902
2020-08-30,1.18933,1.19197,1.18899,1.19167
2020-08-31,1.19167,1.19656,1.18841,1.19363
2020-09-01,1.19364,1.20103,1.1901,1.19222
2020-09-02,1.19222,1.19235,1.1822,1.18453
2020-09-03,1.18456,1.18641,1.17885,1.18409
2020-09-04,1.18409,1.1865,1.17807,1.18376
2020-09-06,1.18443,1.18459,1.18313,1.18338
2020-09-07,1.18338,1.18482,1.1811,1.18183
2020-09-08,1.18183,1.18269,1.17568,1.17663
2020-09-09,1.17663,1.18331,1.17525,1.18032
2020-09-10,1.18032,1.19169,1.18002,1.18231
2020-09-11,1.18231,1.18736,1.18231,1.18458
2020-09-13,1.1834,1.18471,1.18332,1.18401
2020-09-14,1.184,1.18874,1.18316,1.18667
2020-09-15,1.18667,1.18998,1.18393,1.18416
2020-09-16,1.18416,1.18819,1.17871,1.18041
2020-09-17,1.18041,1.18557,1.17372,1.18467
2020-09-18,1.18467,1.18699,1.18256,1.18388
2020-09-20,1.18393,1.18495,1.18366,1.1845
2020-09-21,1.1845,1.18713,1.17313,1.17624
2020-09-22,1.17623,1.1771,1.16913,1.17057
2020-09-23,1.17057,1.17186,1.1651,1.16564
2020-09-24,1.16563,1.16865,1.16261,1.16732
2020-09-25,1.16732,1.16846,1.16117,1.16281
2020-09-27,1.16187,1.16373,1.16156,1.16337
2020-09-28,1.16338,1.16795,1.16147,1.16764
2020-09-29,1.16765,1.17453,1.16647,1.17413
2020-09-30,1.17413,1.17544,1.16845,1.17229
2020-10-01,1.17229,1.17691,1.17168,1.17436
2020-10-02,1.17436,1.17441,1.16951,1.17157
2020-10-04,1.17105,1.17197,1.17062,1.17191
2020-10-05,1.17194,1.17971,1.17172,1.17887
2020-10-06,1.17887,1.18073,1.173,1.17367
2020-10-07,1.17367,1.17813,1.17246,1.17653
2020-10-08,1.17653,1.17812,1.17324,1.17663
2020-10-09,1.17663,1.18305,1.17573,1.18257
2020-10-11,1.18095,1.18227,1.18041,1.18154
2020-10-12,1.18154,1.18262,1.17863,1.18123
2020-10-13,1.18123,1.18134,1.17306,1.17416
2020-10-14,1.17416,1.17703,1.17197,1.17442
2020-10-15,1.17442,1.17573,1.16881,1.1706
2020-10-16,1.1706,1.17456,1.16936,1.1715
2020-10-18,1.17161,1.17201,1.17109,1.1715
2020-10-19,1.1715,1.17931,1.17027,1.17678
2020-10-20,1.1768,1.18403,1.17595,1.18285
2020-10-21,1.18285,1.18803,1.18277,1.18513
2020-10-22,1.18512,1.18664,1.18111,1.18141
2020-10-23,1.18139,1.18643,1.17864,1.18576
2020-10-25,1.18525,1.18592,1.1839,1.18476
2020-10-26,1.18476,1.185,1.18027,1.18086
2020-10-27,1.18086,1.18383,1.17692,1.1781
2020-10-28,1.17811,1.17875,1.17174,1.17478
2020-10-29,1.17478,1.17583,1.16498,1.16777
2020-10-30,1.16777,1.17037,1.16396,1.16446
2020-11-01,1.16469,1.16509,1.16384,1.16411
2020-11-02,1.16411,1.16552,1.1622,1.164
2020-11-03,1.164,1.17635,1.16367,1.17613
2020-11-04,1.17613,1.177,1.16024,1.17319
2020-11-05,1.17319,1.18592,1.17103,1.18162
2020-11-06,1.18165,1.18904,1.1795,1.18734
2020-11-08,1.18888,1.18945,1.18833,1.18921
2020-11-09,1.18922,1.19193,1.17949,1.18237
2020-11-10,1.18237,1.18428,1.17795,1.18181
2020-11-11,1.1818,1.18322,1.17452,1.17789
2020-11-12,1.17789,1.18226,1.17582,1.18037
2020-11-13,1.18037,1.18367,1.17985,1.18338
2020-11-15,1.18395,1.18482,1.18277,1.18443
2020-11-16,1.18443,1.18684,1.18137,1.18589
2020-11-17,1.18589,1.18932,1.18425,1.18631
2020-11-18,1.18631,1.18903,1.18445,1.18449
2020-11-19,1.18449,1.18818,1.18158,1.18649
2020-11-20,1.18649,1.18903,1.18495,1.1854
2020-11-22,1.18521,1.18655,1.18455,1.18651
2020-11-23,1.1865,1.19054,1.17997,1.18419
2020-11-24,1.18419,1.18973,1.1838,1.1897
2020-11-25,1.18971,1.19293,1.18814,1.19157
2020-11-26,1.19161,1.19404,1.18848,1.19105
2020-11-27,1.19106,1.1963,1.1907,1.19619
2020-11-29,1.19604,1.19733,1.19587,1.19715
2020-11-30,1.19717,1.20027,1.19226,1.19369
2020-12-01,1.19369,1.2076,1.19348,1.20703
2020-12-02,1.20703,1.2118,1.20396,1.21136
2020-12-03,1.21137,1.2174,1.21005,1.21448
2020-12-04,1.21446,1.21769,1.21097,1.21204
2020-12-06,1.21295,1.21322,1.21186,1.21199
2020-12-07,1.21196,1.21658,1.2078,1.21091
2020-12-08,1.21091,1.21336,1.20951,1.21091
2020-12-09,1.21091,1.21467,1.20536,1.20781
2020-12-10,1.20781,1.21584,1.20781,1.21431
2020-12-11,1.2143,1.21625,1.21051,1.21074
2020-12-13,1.21342,1.21428,1.21313,1.21327
2020-12-14,1.21327,1.21762,1.21151,1.21483
2020-12-15,1.21481,1.21682,1.21213,1.21539
2020-12-16,1.21538,1.22118,1.21249,1.21958
2020-12-17,1.21953,1.22723,1.21894,1.22611
2020-12-18,1.22611,1.22683,1.22251,1.22503
2020-12-20,1.22194,1.22348,1.2211,1.22115
2020-12-21,1.22114,1.22523,1.21294,1.22345
2020-12-22,1.22344,1.22564,1.21517,1.21869
2020-12-23,1.21869,1.22206,1.21535,1.21936
2020-12-24,1.21936,1.22152,1.21769,1.21835
2020-12-27,1.21695,1.22066,1.21695,1.22035
2020-12-28,1.22037,1.22498,1.21807,1.22192
2020-12-29,1.22191,1.22746,1.22189,1.22516
2020-12-30,1.22519,1.23095,1.2251,1.22981
2020-12-31,1.22981,1.23087,1.22087,1.22158
2021-01-03,1.22382,1.22523,1.22269,1.22495
2021-01-04,1.22495,1.23091,1.22382,1.22522
2021-01-05,1.22521,1.23051,1.22468,1.22982
2021-01-06,1.22982,1.23488,1.22652,1.23377
2021-01-07,1.23378,1.23438,1.22445,1.22686
2021-01-08,1.22685,1.2284,1.21926,1.22142
2021-01-10,1.22151,1.22225,1.21819,1.21867
2021-01-11,1.21867,1.21993,1.21318,1.21603
2021-01-12,1.21602,1.22092,1.21367,1.22083
2021-01-13,1.22082,1.22223,1.21395,1.21614
2021-01-14,1.21613,1.2178,1.21107,1.21503
2021-01-15,1.21501,1.21621,1.20721,1.20721
2021-01-17,1.20814,1.20859,1.20657,1.2066
2021-01-18,1.2066,1.20863,1.2053,1.20772
2021-01-19,1.20772,1.21444,1.20768,1.2139
2021-01-20,1.21389,1.21577,1.20762,1.21142
2021-01-21,1.21142,1.21724,1.21088,1.21651
2021-01-22,1.21651,1.2189,1.21511,1.21641
2021-01-24,1.21663,1.21704,1.21596,1.21665
2021-01-25,1.21665,1.21827,1.21157,1.21424
2021-01-26,1.21425,1.21754,1.21075,1.21629
2021-01-27,1.21629,1.21693,1.20583,1.21022
2021-01-28,1.21023,1.21417,1.20803,1.21205
2021-01-29,1.21205,1.21555,1.2094,1.21328
2021-01-31,1.21275,1.21326,1.21201,1.21223
2021-02-01,1.21223,1.21361,1.20556,1.20673
2021-02-02,1.20673,1.20875,1.20111,1.20362
2021-02-03,1.20362,1.20497,1.20037,1.20409
2021-02-04,1.20409,1.20423,1.19572,1.1966
2021-02-05,1.19657,1.20493,1.19519,1.20387
2021-02-07,1.20371,1.2055,1.20351,1.2048
2021-02-08,1.2048,1.20653,1.20193,1.20518
2021-02-09,1.20518,1.21213,1.20488,1.21158
2021-02-10,1.21158,1.21435,1.21082,1.21185
2021-02-11,1.21186,1.21489,1.21131,1.21303
2021-02-12,1.21304,1.21328,1.20811,1.21187
2021-02-14,1.21193,1.21249,1.21155,1.21199
2021-02-15,1.21199,1.21446,1.21164,1.21315
2021-02-16,1.21315,1.2169,1.20856,1.20876
2021-02-17,1.20876,1.20976,1.20228,1.2045
2021-02-18,1.20449,1.20953,1.20353,1.20914
2021-02-19,1.20914,1.2144,1.20819,1.2117
2021-02-21,1.21173,1.21287,1.21146,1.21243
2021-02-22,1.21243,1.21689,1.20908,1.21635
2021-02-23,1.21635,1.21795,1.21348,1.21503
2021-02-24,1.21503,1.21741,1.21086,1.2169
2021-02-25,1.21692,1.22425,1.21556,1.21573
2021-02-26,1.21573,1.21822,1.20618,1.20719
2021-02-28,1.20688,1.20915,1.20681,1.20901
2021-03-01,1.20903,1.21007,1.20272,1.20481
2021-03-02,1.20481,1.20939,1.19912,1.20845
2021-03-03,1.20843,1.21127,1.20423,1.20461
2021-03-04,1.20457,1.20627,1.19602,1.19667
2021-03-05,1.19667,1.19681,1.18926,1.19096
2021-03-07,1.19168,1.19316,1.19155,1.19258
2021-03-08,1.19258,1.19317,1.18436,1.18504
2021-03-09,1.18503,1.19152,1.18351,1.18965
2021-03-10,1.18965,1.19293,1.18684,1.19239
2021-03-11,1.19237,1.19894,1.19154,1.19805
2021-03-12,1.19805,1.19879,1.19095,1.1951
2021-03-14,1.19428,1.1954,1.19428,1.19496
2021-03-15,1.19496,1.1967,1.19107,1.19258
2021-03-16,1.1926,1.19514,1.18821,1.19016
2021-03-17,1.19014,1.19869,1.18858,1.19821
2021-03-18,1.19823,1.19884,1.19059,1.19172
2021-03-19,1.19173,1.19367,1.18735,1.19045
2021-03-21,1.18761,1.18896,1.1871,1.18833
2021-03-22,1.18834,1.19463,1.18741,1.19318
2021-03-23,1.1932,1.19403,1.18357,1.18392
2021-03-24,1.18396,1.18504,1.18086,1.18124
2021-03-25,1.18126,1.18272,1.17614,1.17752
2021-03-26,1.17754,1.18044,1.17712,1.17937
2021-03-28,1.17912,1.17932,1.17854,1.17871
2021-03-29,1.17871,1.17934,1.17604,1.17682
2021-03-30,1.17679,1.17733,1.17108,1.17226
2021-03-31,1.17226,1.17593,1.17037,1.17266
2021-04-01,1.17267,1.17821,1.17121,1.17769
2021-04-02,1.17769,1.17861,1.17487,1.17548
2021-04-04,1.17523,1.17674,1.17523,1.17672
2021-04-05,1.17667,1.18191,1.17375,1.18166
2021-04-06,1.18163,1.18772,1.1795,1.18734
2021-04-07,1.18734,1.19143,1.18605,1.18721
2021-04-08,1.18721,1.19269,1.18603,1.19149
2021-04-09,1.19148,1.19196,1.18668,1.18977
2021-04-11,1.18986,1.19033,1.18875,1.18956
2021-04-12,1.18956,1.19186,1.18707,1.19113
2021-04-13,1.19113,1.19555,1.18777,1.19533
2021-04-14,1.19537,1.19869,1.19505,1.19827
2021-04-15,1.19827,1.19928,1.19557,1.19689
2021-04-16,1.19688,1.19941,1.19501,1.19814
2021-04-18,1.1973,1.19769,1.19676,1.19684
2021-04-19,1.19684,1.20474,1.19421,1.20421
2021-04-20,1.20421,1.20794,1.2022,1.2032
2021-04-21,1.2032,1.20433,1.19981,1.20368
2021-04-22,1.20368,1.20689,1.19931,1.20139
2021-04-23,1.2014,1.20995,1.20124,1.20969
2021-04-25,1.20905,1.20979,1.20883,1.2089
2021-04-26,1.20893,1.21165,1.20606,1.2079
2021-04-27,1.20789,1.20925,1.20562,1.20889
2021-04-28,1.20887,1.21349,1.20557,1.21344
2021-04-29,1.21344,1.21493,1.21017,1.21241
2021-04-30,1.21241,1.21261,1.20161,1.20192
2021-05-02,1.20205,1.20298,1.20205,1.20268
2021-05-03,1.20269,1.20756,1.20125,1.20584
2021-05-04,1.20585,1.20596,1.19986,1.20141
2021-05-05,1.20141,1.20262,1.19856,1.2007
2021-05-06,1.2007,1.20711,1.19928,1.20647
2021-05-07,1.20647,1.21711,1.20524,1.21628
2021-05-09,1.21595,1.21764,1.21595,1.21702
2021-05-10,1.21701,1.21777,1.21271,1.21399
2021-05-11,1.21399,1.21811,1.21226,1.21437
2021-05-12,1.21437,1.21517,1.20652,1.20772
2021-05-13,1.20772,1.21056,1.20509,1.20763
2021-05-14,1.20763,1.21472,1.20707,1.21452
2021-05-16,1.21367,1.21506,1.21325,1.21495
2021-05-17,1.21493,1.21683,1.21257,1.2156
2021-05-18,1.21559,1.22334,1.21531,1.22219
2021-05-19,1.22221,1.22447,1.21595,1.21701
2021-05-20,1.21701,1.22297,1.21685,1.22245
2021-05-21,1.22245,1.22393,1.21604,1.21809
2021-05-23,1.21775,1.2184,1.21714,1.21802
2021-05-24,1.21802,1.22294,1.21747,1.22137
2021-05-25,1.22137,1.22659,1.2211,1.22464
2021-05-26,1.22465,1.22623,1.21813,1.21916
2021-05-27,1.21916,1.22145,1.21747,1.21923
2021-05-28,1.21923,1.22043,1.21322,1.21911
2021-05-30,1.21905,1.21988,1.21887,1.2189
2021-05-31,1.21893,1.22339,1.21829,1.22321
2021-06-01,1.22321,1.22539,1.22113,1.2217
2021-06-02,1.2217,1.22261,1.21637,1.2209
2021-06-03,1.2209,1.22137,1.21178,1.21296
2021-06-04,1.21296,1.21852,1.21035,1.21662
2021-06-06,1.21618,1.21673,1.21592,1.21662
2021-06-07,1.21661,1.22013,1.21445,1.21903
2021-06-08,1.21901,1.21937,1.21638,1.2172
2021-06-09,1.21721,1.22175,1.21709,1.2178
2021-06-10,1.21778,1.21942,1.21429,1.21722
2021-06-11,1.21721,1.21925,1.20922,1.21083
2021-06-13,1.21025,1.21116,1.21012,1.21092
2021-06-14,1.21092,1.21299,1.20937,1.21214
2021-06-15,1.21214,1.21467,1.21008,1.21242
2021-06-16,1.21242,1.21342,1.19863,1.19946
2021-06-17,1.19946,1.20059,1.18915,1.19127
2021-06-18,1.19125,1.19244,1.18469,1.18627
2021-06-20,1.1856,1.18751,1.18558,1.18701
2021-06-21,1.18698,1.19207,1.18472,1.19116
2021-06-22,1.19117,1.19521,1.18805,1.19359
2021-06-23,1.19358,1.19696,1.19112,1.19292
2021-06-24,1.19295,1.19558,1.19173,1.19275
2021-06-25,1.19275,1.19748,1.19259,1.19351
2021-06-27,1.19318,1.19416,1.19307,1.19411
2021-06-28,1.19411,1.19441,1.19019,1.19283
2021-06-29,1.19283,1.19294,1.18772,1.18998
2021-06-30,1.18998,1.19085,1.18446,1.18555
2021-07-01,1.18556,1.18838,1.18369,1.18453
2021-07-02,1.18451,1.18739,1.18069,1.18643
2021-07-04,1.18586,1.18675,1.18552,1.18553
2021-07-05,1.18554,1.18802,1.18509,1.18621
2021-07-06,1.18619,1.18946,1.18068,1.18219
2021-07-07,1.1822,1.18355,1.17811,1.17925
2021-07-08,1.17925,1.18674,1.17832,1.18459
2021-07-09,1.18459,1.18807,1.18246,1.18768
2021-07-11,1.18726,1.18763,1.1867,1.18719
2021-07-12,1.18719,1.18797,1.18356,1.18623
2021-07-13,1.18627,1.18747,1.17717,1.17745
2021-07-14,1.17744,1.18383,1.17715,1.18326
2021-07-15,1.18326,1.18501,1.17958,1.1811
2021-07-16,1.1811,1.18219,1.17919,1.18043
2021-07-18,1.18062,1.18134,1.18031,1.1812
2021-07-19,1.1812,1.1824,1.17635,1.17915
2021-07-20,1.17915,1.18021,1.17553,1.17809
2021-07-21,1.17812,1.18043,1.17515,1.17918
2021-07-22,1.17918,1.18299,1.17569,1.17719
2021-07-23,1.17719,1.1786,1.17539,1.17708
2021-07-25,1.17729,1.1774,1.17666,1.17726
2021-07-26,1.17725,1.18167,1.17629,1.18043
2021-07-27,1.18044,1.18406,1.17695,1.182
2021-07-28,1.182,1.18493,1.17721,1.18451
2021-07-29,1.18451,1.18939,1.18403,1.18899
2021-07-30,1.18898,1.19081,1.18511,1.1867
2021-08-01,1.18618,1.1869,1.18607,1.18659
2021-08-02,1.18659,1.18964,1.18586,1.18735
2021-08-03,1.18735,1.18928,1.18533,1.18689
2021-08-04,1.18689,1.18993,1.18325,1.18369
2021-08-05,1.18369,1.18568,1.18277,1.18328
2021-08-06,1.18328,1.18329,1.17538,1.17605
2021-08-08,1.176,1.17624,1.1742,1.17471
2021-08-09,1.17471,1.17684,1.17331,1.17356
2021-08-10,1.17357,1.17423,1.17096,1.17192
2021-08-11,1.17192,1.17532,1.17055,1.17413
2021-08-12,1.17413,1.17477,1.17232,1.1735
2021-08-13,1.17353,1.18042,1.17298,1.17947
2021-08-15,1.17941,1.18002,1.17912,1.17937
2021-08-16,1.17935,1.18003,1.1767,1.1777
2021-08-17,1.17772,1.1784,1.17015,1.17087
2021-08-18,1.17087,1.17422,1.16933,1.17022
2021-08-19,1.17022,1.17036,1.16652,1.16759
2021-08-20,1.16759,1.17041,1.16636,1.16995
2021-08-22,1.16918,1.17,1.16898,1.16964
2021-08-23,1.16965,1.17497,1.16947,1.17437
2021-08-24,1.17434,1.17645,1.17267,1.17522
2021-08-25,1.17522,1.17743,1.17257,1.17713
2021-08-26,1.17712,1.17785,1.17455,1.17531
2021-08-27,1.17531,1.18018,1.17345,1.17949
2021-08-29,1.17922,1.18001,1.17892,1.17977
2021-08-30,1.17979,1.18095,1.17823,1.1796
2021-08-31,1.17961,1.18446,1.17949,1.18095
2021-09-01,1.18095,1.18566,1.17932,1.18403
2021-09-02,1.18403,1.18755,1.1834,1.18733
2021-09-03,1.18733,1.19085,1.18652,1.18779
2021-09-05,1.18758,1.18859,1.18755,1.18849
2021-09-06,1.18851,1.18853,1.18554,1.18728
2021-09-07,1.18728,1.18849,1.18369,1.18426
2021-09-08,1.18426,1.18506,1.18016,1.18183
2021-09-09,1.18183,1.18406,1.18048,1.18227
2021-09-10,1.18228,1.18507,1.1809,1.18102
2021-09-12,1.18135,1.18151,1.18083,1.1811
2021-09-13,1.18112,1.18165,1.17696,1.18092
2021-09-14,1.18092,1.18453,1.17995,1.18019
2021-09-15,1.18022,1.18314,1.17987,1.18185
2021-09-16,1.18184,1.18201,1.175,1.17646
2021-09-17,1.17641,1.17885,1.17237,1.1725
2021-09-19,1.17262,1.17297,1.17228,1.17287
2021-09-20,1.17287,1.17359,1.16997,1.17264
2021-09-21,1.17264,1.17482,1.17144,1.17223
2021-09-22,1.17223,1.1755,1.16841,1.16867
2021-09-23,1.16867,1.17495,1.1683,1.17393
2021-09-24,1.17394,1.17471,1.17002,1.17199
2021-09-26,1.17162,1.17235,1.17093,1.17221
2021-09-27,1.17221,1.17247,1.16842,1.16952
2021-09-28,1.16952,1.17028,1.16678,1.16856
2021-09-29,1.16856,1.16896,1.15889,1.1601
2021-09-30,1.1601,1.16093,1.1562,1.15733
2021-10-01,1.15733,1.16068,1.15626,1.15925
2021-10-03,1.15953,1.16105,1.15924,1.16063
2021-10-04,1.16063,1.16395,1.15873,1.16158
2021-10-05,1.16158,1.16196,1.15801,1.15952
2021-10-06,1.15952,1.15974,1.15286,1.15545
2021-10-07,1.15545,1.15716,1.1547,1.15588
2021-10-08,1.15588,1.15855,1.15409,1.15738
2021-10-10,1.1567,1.15757,1.15631,1.15649
2021-10-11,1.15651,1.15865,1.15475,1.15528
2021-10-12,1.1553,1.15699,1.15239,1.15301
2021-10-13,1.15301,1.1599,1.15295,1.15964
2021-10-14,1.15963,1.16239,1.15835,1.15899
2021-10-15,1.159,1.16182,1.15877,1.15988
2021-10-17,1.1598,1.16047,1.15925,1.15959
2021-10-18,1.1596,1.1622,1.15713,1.16128
2021-10-19,1.16128,1.16689,1.16128,1.16308
2021-10-20,1.16308,1.16582,1.16164,1.1652
2021-10-21,1.1652,1.16668,1.16193,1.16244
2021-10-22,1.16243,1.16552,1.16207,1.16443
2021-10-24,1.16348,1.16448,1.16348,1.16387
2021-10-25,1.16387,1.16645,1.15902,1.16082
2021-10-26,1.16082,1.16253,1.15845,1.15958
2021-10-27,1.15958,1.16255,1.15844,1.15981
2021-10-28,1.15981,1.16917,1.15818,1.16817
2021-10-29,1.16818,1.16895,1.15347,1.15613
2021-10-31,1.15595,1.15638,1.15547,1.15556
2021-11-01,1.15558,1.16085,1.15455,1.1599
2021-11-02,1.15991,1.16128,1.1574,1.15786
2021-11-03,1.15786,1.16158,1.15618,1.16148
2021-11-04,1.16148,1.16157,1.15278,1.15549
2021-11-05,1.15549,1.15727,1.15129,1.15671
2021-11-07,1.156,1.15693,1.1556,1.15679
2021-11-08,1.15679,1.15943,1.155,1.15873
2021-11-09,1.15873,1.16086,1.15695,1.15935
2021-11-10,1.15935,1.15948,1.14751,1.14853
2021-11-11,1.14851,1.14872,1.14425,1.14471
2021-11-12,1.1447,1.14617,1.14324,1.14428
2021-11-14,1.14444,1.14451,1.14405,1.14409
2021-11-15,1.14409,1.14635,1.13559,1.13665
2021-11-16,1.13665,1.13853,1.13086,1.13177
2021-11-17,1.13176,1.13317,1.12631,1.13174
2021-11-18,1.13173,1.13736,1.13133,1.13674
2021-11-19,1.13675,1.13687,1.12496,1.12809
2021-11-21,1.12879,1.12887,1.12713,1.12749
2021-11-22,1.12748,1.12899,1.12303,1.12412
2021-11-23,1.12412,1.12745,1.12256,1.12443
2021-11-24,1.12443,1.12547,1.11857,1.12022
2021-11-25,1.12022,1.12291,1.12022,1.12086
2021-11-26,1.12086,1.13299,1.12063,1.13045
2021-11-28,1.13033,1.13132,1.12802,1.12921
2021-11-29,1.12921,1.13,1.1258,1.1292
2021-11-30,1.12921,1.13823,1.12351,1.13293
2021-12-01,1.13294,1.13593,1.13021,1.13185
2021-12-02,1.13186,1.13473,1.12949,1.13053
2021-12-03,1.13053,1.13329,1.12662,1.13062
2021-12-05,1.13006,1.13106,1.13006,1.13038
2021-12-06,1.13038,1.13098,1.12662,1.12829
2021-12-07,1.12829,1.12979,1.12271,1.1272
2021-12-08,1.12726,1.13542,1.12662,1.13436
2021-12-09,1.13436,1.13439,1.1278,1.12933
2021-12-10,1.1293,1.13236,1.12646,1.1316
2021-12-12,1.1309,1.13188,1.13034,1.13103
2021-12-13,1.131,1.13135,1.12596,1.12829
2021-12-14,1.12831,1.13234,1.12532,1.12571
2021-12-15,1.12571,1.12988,1.12212,1.129
2021-12-16,1.129,1.13598,1.12809,1.13332
2021-12-17,1.13332,1.13484,1.12347,1.12359
2021-12-19,1.12363,1.12437,1.12341,1.12424
2021-12-20,1.12423,1.13032,1.12361,1.12766
2021-12-21,1.12772,1.13022,1.12604,1.12868
2021-12-22,1.12871,1.13417,1.12638,1.1326
2021-12-23,1.13257,1.13417,1.12896,1.13224
2021-12-24,1.13224,1.1343,1.13025,1.1319
2021-12-26,1.13107,1.13259,1.13041,1.13228
2021-12-27,1.13228,1.13336,1.13025,1.13292
2021-12-28,1.13292,1.13329,1.12891,1.13125
2021-12-29,1.13129,1.13681,1.12731,1.13593
2021-12-30,1.13593,1.13594,1.12979,1.13219
2021-12-31,1.13215,1.13859,1.13027,1.13685
2022-01-02,1.13656,1.1378,1.13656,1.13724
2022-01-03,1.13724,1.13752,1.12793,1.13014
2022-01-04,1.13014,1.13221,1.12718,1.12823
2022-01-05,1.12823,1.13459,1.12765,1.13103
2022-01-06,1.13103,1.13314,1.12841,1.12944
2022-01-07,1.12944,1.13643,1.12896,1.13608
2022-01-09,1.13577,1.13601,1.13492,1.13529
2022-01-10,1.13529,1.13576,1.12846,1.13295
2022-01-11,1.13291,1.13745,1.13125,1.13656
2022-01-12,1.13656,1.14524,1.13541,1.14391
2022-01-13,1.1439,1.14812,1.14353,1.14561
2022-01-14,1.14561,1.14823,1.13981,1.14144
2022-01-16,1.14131,1.14158,1.14053,1.14108
2022-01-17,1.14108,1.14339,1.13913,1.14095
2022-01-18,1.14096,1.1421,1.13144,1.13282
2022-01-19,1.13288,1.13567,1.13185,1.13425
2022-01-20,1.13425,1.13685,1.13026,1.13125
2022-01-21,1.13129,1.13593,1.13004,1.13432
2022-01-23,1.13401,1.13445,1.13362,1.13406
2022-01-24,1.13406,1.13406,1.129,1.13232
2022-01-25,1.13232,1.13236,1.12627,1.13025
2022-01-26,1.13023,1.13101,1.1235,1.12401
2022-01-27,1.12402,1.12429,1.11313,1.1144
2022-01-28,1.1144,1.11731,1.11208,1.11472
2022-01-30,1.11425,1.1152,1.11378,1.11514
2022-01-31,1.11517,1.12474,1.11436,1.12287
2022-02-01,1.12288,1.12782,1.12204,1.12725
2022-02-02,1.12725,1.13297,1.12661,1.12989
2022-02-03,1.12989,1.1451,1.12668,1.14351
2022-02-04,1.14346,1.14833,1.14113,1.14504
2022-02-06,1.14572,1.14626,1.1451,1.1454
2022-02-07,1.14541,1.14584,1.14146,1.14406
2022-02-08,1.14406,1.14483,1.13959,1.14201
2022-02-09,1.14205,1.14475,1.14022,1.14204
2022-02-10,1.14205,1.14944,1.13745,1.14107
2022-02-11,1.14107,1.14175,1.13294,1.13468
2022-02-13,1.13389,1.13665,1.13375,1.13639
2022-02-14,1.13638,1.13688,1.12797,1.13053
2022-02-15,1.13055,1.13678,1.13027,1.13546
2022-02-16,1.13543,1.13953,1.13445,1.13723
2022-02-17,1.13722,1.13856,1.13228,1.13632
2022-02-18,1.13631,1.13766,1.13143,1.13225
2022-02-20,1.13183,1.13246,1.13127,1.1316
2022-02-21,1.1316,1.139,1.12959,1.13088
2022-02-22,1.13088,1.13664,1.12875,1.13284
2022-02-23,1.13284,1.13585,1.12997,1.13048
2022-02-24,1.13052,1.13056,1.1106,1.119
2022-02-25,1.11901,1.12737,1.11656,1.1271
2022-02-27,1.11328,1.11875,1.11303,1.11797
2022-02-28,1.11799,1.12459,1.11417,1.1214
2022-03-01,1.12138,1.12326,1.10893,1.11318
2022-03-02,1.11313,1.11432,1.10571,1.11119
2022-03-03,1.1112,1.11149,1.10333,1.10652
2022-03-04,1.10648,1.10661,1.08852,1.09297
2022-03-06,1.09269,1.09283,1.08635,1.08732
2022-03-07,1.08732,1.09317,1.08055,1.08656
2022-03-08,1.08656,1.09578,1.08486,1.08974
2022-03-09,1.08979,1.10947,1.08962,1.10729
2022-03-10,1.10729,1.11205,1.09756,1.10129
2022-03-11,1.10126,1.1043,1.09016,1.09118
2022-03-13,1.09195,1.09384,1.09079,1.09313
2022-03-14,1.09313,1.09934,1.09002,1.09422
2022-03-15,1.09422,1.10194,1.09257,1.09664
2022-03-16,1.0967,1.10462,1.09497,1.10212
2022-03-17,1.10213,1.11369,1.10198,1.10985
2022-03-18,1.10986,1.11183,1.10027,1.10505
2022-03-20,1.10565,1.10573,1.10404,1.10419
2022-03-21,1.10421,1.10697,1.10097,1.10163
2022-03-22,1.10163,1.10452,1.09604,1.10289
2022-03-23,1.10289,1.10394,1.09636,1.10055
2022-03-24,1.10053,1.10133,1.09656,1.1008
2022-03-25,1.1008,1.10374,1.09805,1.0983
2022-03-27,1.09856,1.09865,1.0977,1.09809
2022-03-28,1.0981,1.0999,1.09444,1.09909
2022-03-29,1.09916,1.11365,1.09692,1.10909
2022-03-30,1.10907,1.11707,1.10875,1.11608
2022-03-31,1.11608,1.11844,1.10604,1.10724
2022-04-01,1.10731,1.10754,1.10275,1.10483
2022-04-03,1.10383,1.10453,1.10369,1.10452
2022-04-04,1.10451,1.1054,1.09601,1.09745
2022-04-05,1.0976,1.09882,1.08997,1.09056
2022-04-06,1.09056,1.09374,1.08741,1.08972
2022-04-07,1.08972,1.0938,1.08602,1.08639
2022-04-08,1.08644,1.08912,1.08359,1.08755
2022-04-10,1.09004,1.09127,1.08838,1.08838
2022-04-11,1.08838,1.09328,1.08723,1.08765
2022-04-12,1.08765,1.09032,1.08207,1.08256
2022-04-13,1.08257,1.08967,1.08084,1.08947
2022-04-14,1.08949,1.09228,1.0757,1.08197
2022-04-15,1.08201,1.0823,1.07961,1.08133
2022-04-17,1.08034,1.08212,1.08029,1.08135
2022-04-18,1.08135,1.08154,1.07695,1.07796
2022-04-19,1.07796,1.08139,1.07606,1.07936
2022-04-20,1.07938,1.08665,1.07836,1.0849
2022-04-21,1.08483,1.09358,1.08232,1.08345
2022-04-22,1.08346,1.08511,1.07702,1.07955
2022-04-24,1.07993,1.08137,1.07955,1.08091
2022-04-25,1.0809,1.08117,1.06964,1.07121
2022-04-26,1.07121,1.07382,1.06345,1.0642
2022-04-27,1.06423,1.06542,1.05141,1.05539
2022-04-28,1.05538,1.05642,1.04707,1.05025
2022-04-29,1.05028,1.05924,1.05015,1.05417
2022-05-01,1.05436,1.0551,1.0534,1.05345
2022-05-02,1.05345,1.05679,1.04898,1.05093
2022-05-03,1.05092,1.05772,1.04918,1.05249
2022-05-04,1.05246,1.06305,1.05057,1.062
2022-05-05,1.06207,1.06413,1.04922,1.05389
2022-05-06,1.05389,1.05983,1.04824,1.0545
2022-05-08,1.05388,1.05429,1.05307,1.0531
2022-05-09,1.0531,1.05913,1.04948,1.05632
2022-05-10,1.05632,1.05849,1.05249,1.05287
2022-05-11,1.05287,1.05753,1.05094,1.05113
2022-05-12,1.05116,1.05288,1.03537,1.03779
2022-05-13,1.0378,1.04191,1.03493,1.04065
2022-05-15,1.03972,1.04137,1.03939,1.0398
2022-05-16,1.03982,1.04425,1.03885,1.04386
2022-05-17,1.04385,1.05551,1.04314,1.05484
2022-05-18,1.05482,1.05632,1.04594,1.04727
2022-05-19,1.04729,1.06066,1.04647,1.0579
2022-05-20,1.0579,1.05979,1.05324,1.05593
2022-05-22,1.056,1.05775,1.0555,1.05687
2022-05-23,1.05686,1.06969,1.05676,1.06832
2022-05-24,1.06831,1.0748,1.06606,1.07321
2022-05-25,1.07321,1.07363,1.06418,1.06863
2022-05-26,1.06859,1.07339,1.06619,1.0732
2022-05-27,1.07324,1.07645,1.06965,1.07343
2022-05-29,1.07325,1.07353,1.07254,1.07287
2022-05-30,1.07288,1.07863,1.07263,1.07723
2022-05-31,1.07726,1.07741,1.06785,1.07335
2022-06-01,1.0734,1.07387,1.06267,1.06504
2022-06-02,1.06504,1.07503,1.06445,1.07497
2022-06-03,1.07497,1.07636,1.07038,1.07191
2022-06-05,1.0716,1.07292,1.07132,1.07247
2022-06-06,1.07251,1.07514,1.06835,1.06893
2022-06-07,1.06893,1.07138,1.06515,1.06969
2022-06-08,1.06971,1.07479,1.06711,1.07165
2022-06-09,1.07165,1.07734,1.06106,1.06187
2022-06-10,1.06188,1.06417,1.05054,1.05146
2022-06-12,1.05152,1.05195,1.0486,1.04905
2022-06-13,1.04904,1.04952,1.03994,1.04146
2022-06-14,1.04143,1.04843,1.03966,1.04365
2022-06-15,1.04365,1.05073,1.03586,1.04569
2022-06-16,1.0457,1.06008,1.03806,1.0546
2022-06-17,1.05465,1.05517,1.04441,1.04931
2022-06-19,1.04821,1.04924,1.04741,1.04894
2022-06-20,1.04894,1.05453,1.04845,1.05169
2022-06-21,1.05168,1.05821,1.05128,1.05309
2022-06-22,1.05313,1.06053,1.04685,1.05642
2022-06-23,1.05642,1.05805,1.04822,1.05189
2022-06-24,1.05189,1.05708,1.05119,1.05507
2022-06-26,1.05515,1.05742,1.05452,1.0566
2022-06-27,1.05661,1.06144,1.05499,1.05792
2022-06-28,1.05792,1.06056,1.05031,1.05254
2022-06-29,1.05247,1.05349,1.04349,1.04452
2022-06-30,1.04452,1.04882,1.03821,1.04779
2022-07-01,1.04778,1.04779,1.03655,1.04269
2022-07-03,1.04173,1.04367,1.04135,1.04318
2022-07-04,1.04318,1.04624,1.04167,1.04322
2022-07-05,1.04323,1.04483,1.02347,1.02564
2022-07-06,1.0256,1.0276,1.01614,1.01841
2022-07-07,1.01843,1.02206,1.01437,1.01679
2022-07-08,1.01679,1.01908,1.00716,1.01855
2022-07-10,1.01733,1.0183,1.01647,1.01668
2022-07-11,1.01668,1.01668,1.00327,1.00453
2022-07-12,1.0045,1.00733,0.99996,1.00296
2022-07-13,1.00293,1.01216,1.00002,1.00337
2022-07-14,1.00344,1.005,0.99517,1.00259
2022-07-15,1.00263,1.00973,1.00063,1.00859
2022-07-17,1.00827,1.00974,1.00781,1.00968
2022-07-18,1.0097,1.02007,1.00809,1.01459
2022-07-19,1.01459,1.02687,1.01193,1.02301
2022-07-20,1.02303,1.02725,1.0155,1.01805
2022-07-21,1.01805,1.02773,1.01532,1.02196
2022-07-22,1.02196,1.02548,1.01295,1.02147
2022-07-24,1.02115,1.02179,1.01985,1.01989
2022-07-25,1.0199,1.02573,1.01789,1.02226
2022-07-26,1.02227,1.02497,1.01072,1.01282
2022-07-27,1.01282,1.02202,1.00962,1.02048
2022-07-28,1.02048,1.02338,1.01136,1.01914
2022-07-29,1.01919,1.02538,1.01457,1.02258
2022-07-31,1.02125,1.02243,1.02049,1.02098
2022-08-01,1.021,1.02747,1.02073,1.02619
2022-08-02,1.02629,1.02933,1.01543,1.01562
2022-08-03,1.0156,1.02092,1.01225,1.01561
2022-08-04,1.01561,1.02532,1.01541,1.02468
2022-08-05,1.02473,1.02478,1.01412,1.01751
2022-08-07,1.01754,1.01782,1.01686,1.01715
2022-08-08,1.01718,1.02214,1.01588,1.01972
2022-08-09,1.01973,1.02468,1.01883,1.02075
2022-08-10,1.02072,1.03681,1.02016,1.02982
2022-08-11,1.02983,1.03639,1.02749,1.032
2022-08-12,1.03199,1.03248,1.02377,1.02585
2022-08-14,1.0255,1.02626,1.0251,1.0253
2022-08-15,1.0253,1.02678,1.01531,1.01609
2022-08-16,1.01611,1.01942,1.0122,1.01691
2022-08-17,1.01692,1.02024,1.01451,1.0177
2022-08-18,1.01772,1.01925,1.00793,1.00885
2022-08-19,1.00888,1.0095,1.00315,1.00393
2022-08-21,1.00365,1.00436,1.00297,1.00357
2022-08-22,1.00357,1.00461,0.99256,0.99379
2022-08-23,0.99377,1.00176,0.98994,0.9966
2022-08-24,0.9966,0.99983,0.99095,0.99674
2022-08-25,0.99673,1.00329,0.99486,0.99702
2022-08-26,0.99703,1.00895,0.99462,0.99646
2022-08-28,0.99658,0.99658,0.99348,0.99355
2022-08-29,0.99355,1.00288,0.99136,1.00103
2022-08-30,1.00103,1.00541,0.99815,1.00229
2022-08-31,1.00229,1.00786,0.99708,1.00377
2022-09-01,1.00377,1.00479,0.99112,0.99513
2022-09-02,0.99512,1.00331,0.99447,0.99511
2022-09-04,0.99282,0.99345,0.99028,0.99074
2022-09-05,0.99073,0.99514,0.98779,0.99496
2022-09-06,0.99504,0.99857,0.98636,0.98966
2022-09-07,0.98966,1.00124,0.98753,0.99973
2022-09-08,0.99976,1.00289,0.99303,1.00093
2022-09-09,1.00093,1.0113,1.00079,1.00455
2022-09-11,1.00927,1.00944,1.00594,1.00699
2022-09-12,1.00699,1.01974,1.00626,1.01287
2022-09-13,1.01287,1.01866,0.9955,0.99776
2022-09-14,0.99775,1.0023,0.99589,0.99816
2022-09-15,0.99816,1.00173,0.99552,0.99871
2022-09-16,0.99872,1.0036,0.99445,1.00118
2022-09-18,1.00104,1.00282,1.00047,1.00217
2022-09-19,1.00216,1.00319,0.99656,1.00294
2022-09-20,1.00294,1.005,0.99547,0.99707
2022-09-21,0.99706,0.99748,0.98128,0.98309
2022-09-22,0.98313,0.99071,0.98075,0.98381
2022-09-23,0.98381,0.98514,0.96676,0.96879
2022-09-25,0.96708,0.97096,0.96638,0.9685
2022-09-26,0.96849,0.97009,0.95509,0.96195
2022-09-27,0.96196,0.96702,0.95686,0.95951
2022-09-28,0.95949,0.97503,0.95354,0.97057
2022-09-29,0.97056,0.98434,0.96356,0.98288
2022-09-30,0.98288,0.98534,0.97344,0.98012
2022-10-02,0.97954,0.98084,0.97868,0.9793
2022-10-03,0.9793,0.98441,0.97523,0.98332
2022-10-04,0.98332,0.99991,0.98056,0.99832
2022-10-05,0.99834,0.99946,0.98343,0.99113
2022-10-06,0.99116,0.9926,0.97856,0.97887
2022-10-07,0.97886,0.98162,0.97257,0.97401
2022-10-09,0.9732,0.97393,0.97273,0.97341
2022-10-10,0.97344,0.97526,0.9681,0.97108
2022-10-11,0.97108,0.97741,0.96713,0.97001
2022-10-12,0.96999,0.9734,0.96674,0.97044
2022-10-13,0.97044,0.98054,0.96316,0.9767
2022-10-14,0.97668,0.98082,0.97067,0.97187
2022-10-16,0.97228,0.97429,0.97164,0.97393
2022-10-17,0.97393,0.98516,0.97205,0.98431
2022-10-18,0.98436,0.98753,0.98123,0.98622
2022-10-19,0.98622,0.98665,0.97569,0.9765
2022-10-20,0.97654,0.9845,0.97543,0.9778
2022-10-21,0.97785,0.98688,0.97044,0.98583
2022-10-23,0.98691,0.98987,0.98307,0.98594
2022-10-24,0.98594,0.98932,0.98064,0.98838
2022-10-25,0.9884,0.99763,0.98482,0.99614
2022-10-26,0.99616,1.0093,0.9943,1.00928
2022-10-27,1.00928,1.0093,0.99572,0.99665
2022-10-28,0.99671,0.99976,0.99262,0.99658
2022-10-30,0.99536,0.99617,0.99432,0.99542
2022-10-31,0.9954,0.99653,0.98726,0.98854
2022-11-01,0.98854,0.99532,0.98525,0.98768
2022-11-02,0.9877,0.99754,0.98097,0.98136
2022-11-03,0.98138,0.9839,0.97296,0.97487
2022-11-04,0.97491,0.99661,0.97471,0.99576
2022-11-06,0.99094,0.99443,0.99073,0.9928
2022-11-07,0.99281,1.00335,0.99173,1.00171
2022-11-08,1.00171,1.00959,0.99716,1.008
2022-11-09,1.008,1.00877,0.99925,1.00187
2022-11-10,1.00189,1.02214,0.99351,1.01912
2022-11-11,1.01912,1.03636,1.01628,1.03535
2022-11-13,1.03341,1.03361,1.03141,1.03264
2022-11-14,1.03265,1.03581,1.02708,1.03192
2022-11-15,1.03193,1.04777,1.02796,1.0357
2022-11-16,1.03572,1.04379,1.03305,1.03929
2022-11-17,1.03929,1.04061,1.03047,1.03604
2022-11-18,1.03604,1.03954,1.03131,1.03233
2022-11-20,1.03208,1.03327,1.03206,1.03303
2022-11-21,1.03303,1.03324,1.02222,1.02448
2022-11-22,1.02448,1.03102,1.02417,1.03101
2022-11-23,1.03104,1.04188,1.0296,1.04175
2022-11-24,1.04175,1.0448,1.03814,1.04073
2022-11-25,1.04073,1.04288,1.03542,1.03848
2022-11-27,1.0373,1.03806,1.03651,1.03665
2022-11-28,1.03665,1.04962,1.03299,1.0343
2022-11-29,1.0343,1.03938,1.03186,1.03232
2022-11-30,1.03235,1.04296,1.02897,1.04227
2022-12-01,1.04224,1.0539,1.03928,1.05275
2022-12-02,1.05275,1.05444,1.04278,1.05398
2022-12-04,1.05316,1.05433,1.05306,1.05433
2022-12-05,1.05434,1.05943,1.04798,1.04959
2022-12-06,1.04961,1.05325,1.04589,1.04672
2022-12-07,1.0467,1.05493,1.04427,1.05114
